,apex,duration,total_scans,mal_scans,ratio_mal,subdomains,keywords,keyword_ratio,avg_depth,avg_entropy,label
0,000webhostapp.com,18489418.0,1205880.0,1168793.0,0.969244866819,99758.0,3.0,3.00727761182e-05,0.00269652559193,0.401649455068,1
1,001www.com,18467197.0,795.0,723.0,0.909433962264,77.0,0.0,0.0,0.0909090909091,0.396182401058,1
2,0zz0.com,18482417.0,34485.0,33826.0,0.980890242134,17.0,2.0,0.117647058824,0.0,0.109889543384,1
3,25u.com,18477238.0,2023.0,1964.0,0.970835392981,294.0,0.0,0.0,0.258503401361,0.393185122932,1
4,2waky.com,18481573.0,1675.0,1654.0,0.987462686567,166.0,1.0,0.00602409638554,0.451807228916,0.400929446862,1
5,3-a.net,18478529.0,1150.0,1050.0,0.913043478261,87.0,0.0,0.0,0.241379310345,0.3633386983,1
6,3322.org,18485104.0,39591.0,39482.0,0.997246849031,3195.0,3.0,0.00093896713615,0.0178403755869,0.30453045555,1
7,3d-game.com,18471558.0,2077.0,1990.0,0.958112662494,120.0,0.0,0.0,0.55,0.373915796214,1
8,3dmgame.com,18479303.0,5079.0,3439.0,0.677101791691,54.0,3.0,0.0555555555556,0.407407407407,0.200227846802,1
9,3utilities.com,31001040.0,45919.0,25852.0,0.562991354341,11571.0,5.0,0.000432114769683,0.0181488203267,0.364145414774,1
10,404.mn,18209945.0,161.0,161.0,1.0,11.0,1.0,0.0909090909091,0.363636363636,0.269334532841,1
11,4dq.com,18465564.0,1627.0,1608.0,0.988322065151,138.0,2.0,0.0144927536232,0.297101449275,0.402823618954,1
12,4irc.com,18475619.0,998.0,998.0,1.0,157.0,0.0,0.0,0.605095541401,0.404443440519,1
13,4pu.com,18481838.0,1032655.0,1032646.0,0.999991284601,1173.0,0.0,0.0,0.114236999147,0.366197517202,1
14,4shared.com,18477064.0,9154.0,3962.0,0.432816255189,291.0,3.0,0.0103092783505,0.0240549828179,0.275582907992,1
15,51.la,18476027.0,5115.0,4918.0,0.961485826002,36.0,1.0,0.0277777777778,0.527777777778,0.241713102026,1
16,5gbfree.com,18475649.0,13012.0,13012.0,1.0,637.0,1.0,0.00156985871272,0.12715855573,0.34114044504,1
17,8866.org,18370577.0,759.0,759.0,1.0,111.0,0.0,0.0,0.153153153153,0.289186064411,1
18,aba.ae,18330267.0,3244.0,2878.0,0.887176325524,451.0,5.0,0.0110864745011,0.019955654102,0.382981895808,1
19,access.ly,18377955.0,984.0,612.0,0.621951219512,229.0,2.0,0.00873362445415,0.397379912664,0.358321958993,1
20,acmetoy.com,18456840.0,642.0,641.0,0.998442367601,43.0,0.0,0.0,0.186046511628,0.350732875341,1
21,akadns.net,18415153.0,3504.0,543.0,0.154965753425,883.0,0.0,0.0,2.45753114383,0.463434621728,1
22,akamai.net,18470570.0,13683.0,509.0,0.0371994445663,10664.0,0.0,0.0,1.01069017254,0.339099407923,1
23,akamaiedge.net,18485375.0,5452.0,1478.0,0.271093176816,1772.0,0.0,0.0,1.48194130926,0.396223995003,1
24,akamaitechnologies.com,18478668.0,13294.0,2651.0,0.199413269144,10493.0,1.0,9.53016296579e-05,1.99685504622,0.510522440734,1
25,alicdn.com,90534920.0,769300.0,2710.0,0.00352268295853,364.0,1.0,0.00274725274725,0.472527472527,0.298910002974,1
26,allowed.org,18362241.0,506.0,506.0,1.0,50.0,1.0,0.02,0.46,0.349141514644,1
27,almostmy.com,18421673.0,695.0,616.0,0.886330935252,40.0,0.0,0.0,0.2,0.339606014383,1
28,amazonaws.com,144481826.0,571767.0,259159.0,0.453259806879,71875.0,1.0,1.39130434783e-05,1.64908521739,0.475279440235,1
29,americanunfinished.com,18428935.0,367.0,367.0,1.0,47.0,0.0,0.0,0.0425531914894,0.372778821737,1
30,ancestry.com,18830370.0,15882.0,665.0,0.0418713008437,40.0,2.0,0.05,0.6,0.328786229398,1
31,appspot.com,18488177.0,287791.0,168306.0,0.584820234128,64161.0,5.0,7.79289599601e-05,0.0319041162077,0.470782612706,1
32,archive.org,18487695.0,667910.0,368147.0,0.551192525939,586.0,4.0,0.00682593856655,0.986348122867,0.377128670481,1
33,azureedge.net,18485047.0,38950.0,5809.0,0.149139922978,2885.0,5.0,0.00173310225303,0.0353552859619,0.362286151023,1
34,b-cdn.net,18465103.0,2501.0,387.0,0.154738104758,607.0,0.0,0.0,0.0411861614498,0.352159174184,1
35,b0ne.com,18371604.0,4291.0,4151.0,0.967373572594,521.0,5.0,0.00959692898273,0.0326295585413,0.394213254306,1
36,bbsindex.com,18468169.0,2836.0,2812.0,0.991537376587,172.0,1.0,0.00581395348837,1.20348837209,0.42094848011,1
37,bitballoon.com,18476132.0,10738.0,3378.0,0.314583721363,6306.0,1.0,0.000158579130986,0.0610529654297,0.437613360968,1
38,bitbucket.org,18486842.0,20410.0,17692.0,0.866829985301,23.0,2.0,0.0869565217391,0.217391304348,0.211492679973,1
39,bitly.com,18484502.0,73445.0,6777.0,0.0922731295527,21.0,5.0,0.238095238095,0.142857142857,0.222719047526,1
40,biz.tm,18432615.0,450.0,372.0,0.826666666667,60.0,0.0,0.0,0.266666666667,0.338576980938,1
41,blog.jp,18479571.0,17840.0,2081.0,0.116647982063,3961.0,0.0,0.0,0.00201969199697,0.350484017439,1
42,blogdns.com,18475625.0,3468.0,3342.0,0.963667820069,109.0,1.0,0.00917431192661,0.0366972477064,0.327078878406,1
43,blogdns.net,18406103.0,985.0,230.0,0.233502538071,77.0,0.0,0.0,0.0,0.325933476131,1
44,blogdns.org,18397677.0,432.0,337.0,0.780092592593,96.0,0.0,0.0,0.0416666666667,0.331904888301,1
45,blogsite.org,17963691.0,1047.0,1016.0,0.970391595033,229.0,0.0,0.0,0.00436681222707,0.320063281955,1
46,blogsky.com,18443032.0,3550.0,2969.0,0.836338028169,2683.0,1.0,0.000372717107715,0.540067089079,0.367862913717,1
47,blogspot.be,18489421.0,109944.0,97242.0,0.884468456669,13524.0,5.0,0.000369713102632,0.0769742679681,0.395752207426,1
48,blogspot.com,127182544.0,6279904.0,1587681.0,0.252819310614,2322217.0,5.0,2.15311488978e-06,0.085991963714,0.392031691957,1
49,blogspot.com.ar,52910246.0,48690.0,20252.0,0.415937564182,21480.0,0.0,0.0,0.0964618249534,0.401288364474,1
50,blogspot.com.au,18481020.0,62054.0,54113.0,0.872030811874,5648.0,0.0,0.0,0.190864022663,0.400406095907,1
51,blogspot.com.br,59018870.0,273848.0,188764.0,0.689302094593,134473.0,0.0,0.0,0.0606590170518,0.394026142841,1
52,blogspot.com.by,18483610.0,4503.0,4127.0,0.916500111037,456.0,0.0,0.0,0.030701754386,0.383725123384,1
53,blogspot.com.co,18474901.0,21402.0,4349.0,0.203205307915,13131.0,0.0,0.0,0.0257406138146,0.404475500425,1
54,blogspot.com.cy,18483709.0,4474.0,3786.0,0.84622261958,709.0,0.0,0.0,0.033850493653,0.385999546721,1
55,blogspot.com.ee,18487414.0,5403.0,3871.0,0.716453821951,1307.0,0.0,0.0,0.0451415455241,0.381665754071,1
56,blogspot.com.eg,18477886.0,11216.0,4967.0,0.442849500713,4916.0,0.0,0.0,0.036411716843,0.372934085533,1
57,blogspot.com.es,18487001.0,745978.0,624015.0,0.836505902319,89868.0,0.0,0.0,0.0490385899319,0.396041092807,1
58,blogspot.com.mt,18472259.0,4971.0,4647.0,0.934821967411,450.0,0.0,0.0,0.0155555555556,0.391280471652,1
59,blogspot.com.ng,18472130.0,6596.0,4568.0,0.692540933899,1765.0,0.0,0.0,0.129745042493,0.391327344619,1
60,blogspot.com.tr,18480660.0,124340.0,113806.0,0.915280682001,8698.0,0.0,0.0,0.0189698781329,0.387352441598,1
61,blogspot.com.uy,18483929.0,5263.0,4357.0,0.827854835645,888.0,0.0,0.0,0.0518018018018,0.39849205488,1
62,blogspot.mx,19437030.0,671832.0,566130.0,0.842666023649,79652.0,7.0,8.78822879526e-05,0.0511349369758,0.401842617463,1
63,blogspot.ru,44127957.0,1213469.0,1193583.0,0.983612271925,11240.0,0.0,0.0,0.0217971530249,0.386148728878,1
64,blueweb.co.kr,18416046.0,2194.0,1723.0,0.785323609845,27.0,1.0,0.037037037037,0.333333333333,0.287035308085,1
65,boldlygoingnowhere.org,16649336.0,150.0,72.0,0.48,93.0,1.0,0.010752688172,0.0,0.367116198441,1
66,bounceme.net,18478608.0,11677.0,11585.0,0.992121264023,1794.0,0.0,0.0,0.0468227424749,0.355945545974,1
67,box.com,18485439.0,48795.0,5742.0,0.117675991393,4365.0,10.0,0.00229095074456,0.706300114548,0.3830279867,1
68,bplaced.com,18448215.0,549.0,521.0,0.948998178506,35.0,0.0,0.0,0.228571428571,0.339938889943,1
69,brasilia.me,18422493.0,1009.0,1009.0,1.0,69.0,2.0,0.0289855072464,0.115942028986,0.320983750757,1
70,bukalapak.com,18385399.0,713.0,167.0,0.234221598878,31.0,4.0,0.129032258065,0.161290322581,0.192744061855,1
71,byethost7.com,18485251.0,3791.0,3690.0,0.973357953047,301.0,2.0,0.00664451827243,0.093023255814,0.378985433656,1
72,byethost8.com,18373947.0,1148.0,1118.0,0.973867595819,105.0,0.0,0.0,0.0666666666667,0.368466566429,1
73,cable-modem.org,18375304.0,798.0,798.0,1.0,25.0,2.0,0.08,0.04,0.289685854952,1
74,cachefly.net,18460579.0,1587.0,327.0,0.206049149338,120.0,0.0,0.0,0.225,0.331288040741,1
75,cdn77.org,18487247.0,5152.0,2267.0,0.440023291925,1152.0,1.0,0.000868055555556,1.05295138889,0.410418835227,1
76,cechire.com,16760151.0,176.0,123.0,0.698863636364,82.0,0.0,0.0,0.0,0.358364573849,1
77,changeip.name,18393356.0,498.0,446.0,0.895582329317,64.0,0.0,0.0,0.015625,0.333503861044,1
78,changeip.net,18474727.0,15285.0,10954.0,0.716650310762,2093.0,0.0,0.0,0.145723841376,0.386326334732,1
79,changeip.org,18479836.0,6911.0,945.0,0.136738532774,3581.0,0.0,0.0,0.00167550963418,0.367998134464,1
80,chatnook.com,18400887.0,1823.0,1821.0,0.998902907296,110.0,8.0,0.0727272727273,0.0818181818182,0.358907551113,1
81,chickenkiller.com,18472829.0,4682.0,4682.0,1.0,492.0,1.0,0.0020325203252,0.0650406504065,0.340814733331,1
82,ciscofreak.com,18252184.0,309.0,128.0,0.414239482201,151.0,1.0,0.00662251655629,0.834437086093,0.450331704815,1
83,cjb.net,18291676.0,239.0,61.0,0.255230125523,131.0,1.0,0.00763358778626,0.351145038168,0.347198501559,1
84,cleansite.us,18447501.0,331.0,331.0,1.0,27.0,0.0,0.0,0.0740740740741,0.35878657701,1
85,cloudfront.net,40928190.0,1747042.0,366751.0,0.209926836332,365702.0,1.0,2.734466861e-06,1.58247972393,0.510567896243,1
86,cnblogs.com,18467316.0,8934.0,5055.0,0.565815983882,72.0,3.0,0.0416666666667,0.361111111111,0.291305547601,1
87,collegefan.org,18453226.0,262.0,262.0,1.0,19.0,0.0,0.0,0.526315789474,0.335258115531,1
88,compress.to,18455841.0,1674.0,1622.0,0.968936678614,101.0,0.0,0.0,0.435643564356,0.389679361994,1
89,crabdance.com,18352183.0,1015.0,1015.0,1.0,128.0,1.0,0.0078125,0.1484375,0.339503780655,1
90,daum.net,43394766.0,61683.0,51532.0,0.835432777264,1053.0,12.0,0.011396011396,0.97150997151,0.361600624293,1
91,ddns.info,18477083.0,1764.0,1723.0,0.976757369615,150.0,0.0,0.0,0.0933333333333,0.366291638609,1
92,ddns.me,18486663.0,10309.0,8144.0,0.789989329712,506.0,3.0,0.00592885375494,0.0533596837945,0.323406118792,1
93,ddns.mobi,18437192.0,343.0,343.0,1.0,33.0,0.0,0.0,0.0606060606061,0.298104005256,1
94,ddns.ms,18444450.0,490.0,448.0,0.914285714286,59.0,0.0,0.0,0.118644067797,0.341571501863,1
95,ddns.name,18435067.0,6336.0,6336.0,1.0,740.0,1.0,0.00135135135135,0.0243243243243,0.41146977216,1
96,ddns.net,115874582.0,372877.0,173518.0,0.465349163397,52840.0,8.0,0.000151400454201,0.0190575321726,0.35986280189,1
97,ddns.us,18471057.0,1657.0,707.0,0.426674713337,130.0,0.0,0.0,0.123076923077,0.337137527569,1
98,ddnsfree.com,18477074.0,4651.0,4081.0,0.8774457106,618.0,0.0,0.0,1.62297734628,0.450872885855,1
99,ddnsgeek.com,18396006.0,1340.0,1173.0,0.875373134328,203.0,1.0,0.00492610837438,0.655172413793,0.42638522362,1
100,ddnsking.com,18487237.0,20424.0,10912.0,0.534273403839,7150.0,0.0,0.0,0.0153846153846,0.350435654131,1
101,ddnslive.com,18443279.0,3952.0,3721.0,0.941548582996,288.0,0.0,0.0,0.111111111111,0.426622572301,1
102,deaftone.com,18339219.0,1085.0,1083.0,0.998156682028,89.0,0.0,0.0,0.0786516853933,0.37303729375,1
103,dhcp.biz,18462937.0,8249.0,8249.0,1.0,518.0,0.0,0.0,0.839768339768,0.401631108957,1
104,discordapp.com,18488013.0,1210098.0,1092093.0,0.902483104674,38.0,3.0,0.0789473684211,0.526315789474,0.28966518882,1
105,dns-dns.com,18287603.0,510.0,510.0,1.0,44.0,0.0,0.0,0.0454545454545,0.351493944814,1
106,dns-stuff.com,18443856.0,264.0,204.0,0.772727272727,63.0,0.0,0.0,0.015873015873,0.326018637191,1
107,dns04.com,18455746.0,1440.0,1003.0,0.696527777778,346.0,0.0,0.0,0.300578034682,0.403863592632,1
108,dns05.com,18456272.0,1604.0,1275.0,0.794887780549,418.0,0.0,0.0,0.253588516746,0.398368086276,1
109,dnsalias.com,18463006.0,1007.0,427.0,0.424031777557,451.0,0.0,0.0,0.039911308204,0.34274997809,1
110,dnsalias.net,18304051.0,396.0,97.0,0.244949494949,257.0,0.0,0.0,0.0350194552529,0.33317703564,1
111,dnset.com,18474783.0,6966.0,6966.0,1.0,792.0,2.0,0.00252525252525,0.0366161616162,0.402536851667,1
112,dnsfor.me,18342957.0,2080.0,2072.0,0.996153846154,69.0,2.0,0.0289855072464,0.0579710144928,0.337194973681,1
113,dnsrd.com,18443467.0,1431.0,1431.0,1.0,127.0,1.0,0.00787401574803,0.0866141732283,0.369882481763,1
114,doesntexist.org,13926159.0,204.0,91.0,0.446078431373,64.0,0.0,0.0,0.015625,0.330780149523,1
115,dreamhosters.com,18470389.0,4112.0,3375.0,0.82076848249,1344.0,2.0,0.0014880952381,0.139136904762,0.353355246713,1
116,dropbox.com,34916779.0,118533.0,42088.0,0.355074114382,5155.0,8.0,0.0015518913676,1.96605237633,0.523803764359,1
117,dsmtp.com,18465652.0,532.0,487.0,0.915413533835,51.0,1.0,0.0196078431373,0.196078431373,0.37775536996,1
118,duckdns.org,18489156.0,208335.0,182340.0,0.8752249982,19089.0,5.0,0.000261930955,0.315469642202,0.362323335727,1
119,dumb1.com,18473183.0,6077.0,6071.0,0.999012670726,231.0,0.0,0.0,0.220779220779,0.395365786325,1
120,dynalias.com,18350225.0,666.0,156.0,0.234234234234,410.0,0.0,0.0,0.0292682926829,0.35426378292,1
121,dynamic-dns.net,18481321.0,13713.0,11228.0,0.818785094436,3951.0,0.0,0.0,0.0103771197165,0.378940762269,1
122,dynamicdns.biz,18447583.0,167.0,122.0,0.730538922156,15.0,0.0,0.0,0.2,0.34107118347,1
123,dynamicdns.org.uk,18435657.0,758.0,742.0,0.97889182058,22.0,0.0,0.0,0.227272727273,0.326582939535,1
124,dyndns-at-work.com,17961927.0,164.0,95.0,0.579268292683,82.0,0.0,0.0,0.0121951219512,0.38055846128,1
125,dyndns-server.com,18440327.0,471.0,221.0,0.469214437367,219.0,0.0,0.0,0.0319634703196,0.345041647959,1
126,dyndns.biz,18381975.0,2802.0,1632.0,0.58244111349,969.0,3.0,0.0030959752322,0.0196078431373,0.346428130344,1
127,dyndns.org,18482819.0,27263.0,21462.0,0.78722077541,8887.0,11.0,0.00123776302464,0.0515359513897,0.354008860263,1
128,dyndns.pro,18378525.0,199.0,133.0,0.668341708543,26.0,0.0,0.0,0.0384615384615,0.314874681042,1
129,dyndns.tv,19805190.0,13500.0,9970.0,0.738518518519,991.0,1.0,0.00100908173562,0.021190716448,0.339316373187,1
130,dynns.com,18475233.0,2167.0,1679.0,0.774803876327,198.0,2.0,0.010101010101,0.156565656566,0.346585713845,1
131,dynserv.org,18286106.0,264.0,207.0,0.784090909091,30.0,0.0,0.0,0.0,0.344032926603,1
132,dynssl.com,18467058.0,577.0,542.0,0.939341421144,67.0,0.0,0.0,0.298507462687,0.344419807227,1
133,dynu.com,18321789.0,1585.0,648.0,0.408832807571,211.0,3.0,0.0142180094787,0.0663507109005,0.330655656085,1
134,dynu.net,18467007.0,10283.0,3105.0,0.301954682486,1251.0,1.0,0.000799360511591,0.416466826539,0.390850258244,1
135,eating-organic.net,18080254.0,253.0,253.0,1.0,15.0,1.0,0.0666666666667,0.0,0.332860637351,1
136,edns.biz,18402945.0,270.0,234.0,0.866666666667,44.0,0.0,0.0,0.0454545454545,0.327587445008,1
137,edusite.ru,18487580.0,27776.0,23778.0,0.856062788018,2639.0,4.0,0.00151572565366,0.34406972338,0.370922429051,1
138,effers.com,18381057.0,1829.0,1723.0,0.942044833242,84.0,0.0,0.0,0.0119047619048,0.365396017318,1
139,elasticbeanstalk.com,18474162.0,4198.0,890.0,0.212005717008,1646.0,0.0,0.0,1.00060753341,0.467112528506,1
140,endofinternet.net,18225591.0,439.0,439.0,1.0,226.0,0.0,0.0,0.0442477876106,0.356839793506,1
141,epac.to,18478397.0,942.0,942.0,1.0,136.0,5.0,0.0367647058824,0.257352941176,0.320678184469,1
142,esmtp.biz,18400810.0,223.0,205.0,0.919282511211,23.0,0.0,0.0,0.0869565217391,0.334114962103,1
143,etowns.net,16918535.0,701.0,668.0,0.952924393723,130.0,2.0,0.0153846153846,0.184615384615,0.361288774762,1
144,etowns.org,18167437.0,779.0,556.0,0.713735558408,129.0,2.0,0.015503875969,0.139534883721,0.359694015695,1
145,evernote.com,20726198.0,4987.0,949.0,0.190294766393,46.0,4.0,0.0869565217391,0.45652173913,0.273812901624,1
146,ezua.com,18474661.0,2001.0,2001.0,1.0,207.0,0.0,0.0,0.256038647343,0.398129573995,1
147,fairuse.org,17995185.0,101.0,54.0,0.534653465347,12.0,1.0,0.0833333333333,0.0,0.279777807475,1
148,faqserv.com,18466552.0,1404.0,1404.0,1.0,75.0,1.0,0.0133333333333,0.333333333333,0.382247262851,1
149,fartit.com,18485132.0,1692.0,1692.0,1.0,185.0,1.0,0.00540540540541,0.508108108108,0.417712263013,1
150,fc2.com,21910431.0,98733.0,13504.0,0.136772912805,21461.0,3.0,0.000139788453474,0.976608732119,0.429101971242,1
151,ferozo.com,18481362.0,2573.0,2186.0,0.849591916051,286.0,1.0,0.0034965034965,0.996503496503,0.408129463616,1
152,firebaseapp.com,18487445.0,136072.0,108956.0,0.800723146569,22420.0,0.0,0.0,0.124308652988,0.398244332315,1
153,flnet.org,18322807.0,437.0,435.0,0.995423340961,51.0,0.0,0.0,0.137254901961,0.354484729825,1
154,fmovies.to,18475403.0,1488.0,1481.0,0.995295698925,21.0,2.0,0.0952380952381,0.0,0.107267044927,1
155,for-our.info,18224246.0,714.0,565.0,0.791316526611,175.0,0.0,0.0,0.325714285714,0.375900666745,1
156,fr.ht,16507181.0,670.0,594.0,0.886567164179,62.0,4.0,0.0645161290323,0.290322580645,0.328544322466,1
157,free.fr,20894561.0,178473.0,170632.0,0.95606618368,10110.0,12.0,0.00118694362018,0.507220573689,0.363023509859,1
158,freeddns.org,18447729.0,3806.0,3437.0,0.903047819233,620.0,0.0,0.0,1.30483870968,0.43978907202,1
159,freedynamicdns.net,18413828.0,2022.0,2021.0,0.999505440158,166.0,2.0,0.0120481927711,0.066265060241,0.357338138856,1
160,freedynamicdns.org,18448182.0,1043.0,1000.0,0.958772770853,148.0,1.0,0.00675675675676,0.027027027027,0.344291527315,1
161,freetcp.com,18419450.0,464.0,462.0,0.995689655172,36.0,0.0,0.0,0.361111111111,0.350903515491,1
162,freewww.biz,18467650.0,428.0,428.0,1.0,28.0,1.0,0.0357142857143,0.214285714286,0.342342976095,1
163,freewww.info,18311122.0,338.0,307.0,0.908284023669,44.0,0.0,0.0,0.0,0.330154762219,1
164,freshdesk.com,18475840.0,4310.0,460.0,0.106728538283,961.0,2.0,0.00208116545265,0.0385015608741,0.355174126838,1
165,from-de.com,18372719.0,166.0,130.0,0.78313253012,30.0,0.0,0.0,0.0333333333333,0.350909739922,1
166,from-ia.com,17937413.0,113.0,86.0,0.761061946903,22.0,0.0,0.0,0.0,0.352351740351,1
167,from-sc.com,17890576.0,356.0,308.0,0.865168539326,61.0,1.0,0.016393442623,0.0,0.374654498996,1
168,from-tn.com,15808617.0,107.0,72.0,0.672897196262,28.0,0.0,0.0,0.0,0.391081382632,1
169,ftpserver.biz,18458099.0,925.0,912.0,0.985945945946,17.0,0.0,0.0,0.117647058824,0.331020671806,1
170,game-host.org,18464855.0,1070.0,887.0,0.828971962617,155.0,1.0,0.00645161290323,0.0258064516129,0.382325831077,1
171,geekgalaxy.com,18457476.0,301.0,301.0,1.0,33.0,0.0,0.0,0.030303030303,0.329990648822,1
172,getpocket.com,18467120.0,2413.0,953.0,0.394944053046,22.0,5.0,0.227272727273,0.181818181818,0.212123613257,1
173,giize.com,18483230.0,3048.0,2737.0,0.897965879265,378.0,0.0,0.0,0.587301587302,0.414550886225,1
174,github.com,34043347.0,225261.0,55892.0,0.248121068449,364.0,5.0,0.0137362637363,0.104395604396,0.306633313742,1
175,github.io,22264217.0,155138.0,18911.0,0.121897923139,78783.0,4.0,5.07723747509e-05,0.0718175240851,0.348222443416,1
176,githubusercontent.com,18486012.0,98601.0,78800.0,0.799180535694,95.0,1.0,0.0105263157895,1.36842105263,0.370779363063,1
177,gleeze.com,18474564.0,6928.0,6861.0,0.990329099307,451.0,0.0,0.0,0.305986696231,0.403765369332,1
178,godaddysites.com,18473345.0,33080.0,30359.0,0.917744860943,3281.0,3.0,0.000914355379457,0.19689119171,0.393846014051,1
179,googleapis.com,18490085.0,229157.0,52795.0,0.230387899999,1579.0,7.0,0.00443318556048,0.789107029766,0.454857738652,1
180,googlecode.com,18479912.0,13250.0,7551.0,0.569886792453,3505.0,0.0,0.0,0.0399429386591,0.366175365858,1
181,googleusercontent.com,21138576.0,261873.0,14467.0,0.0552443359949,15918.0,2.0,0.000125643925116,0.956150270134,0.441939165181,1
182,got-game.org,18313196.0,361.0,347.0,0.961218836565,32.0,0.0,0.0,0.03125,0.340598612553,1
183,gotdns.ch,18480441.0,16577.0,16511.0,0.99601857996,1581.0,1.0,0.000632511068944,0.0430107526882,0.369524836827,1
184,gotdns.com,18443755.0,2513.0,2140.0,0.851571826502,372.0,0.0,0.0,0.0940860215054,0.351540123654,1
185,gotgeeks.com,18419193.0,796.0,682.0,0.856783919598,85.0,0.0,0.0,0.0470588235294,0.368402902485,1
186,gr8domain.biz,18457791.0,235.0,235.0,1.0,16.0,0.0,0.0,0.1875,0.290298360953,1
187,hao123.com,18482207.0,13851.0,11520.0,0.831708901884,82.0,4.0,0.0487804878049,0.463414634146,0.234956116797,1
188,health-carereform.com,18309993.0,242.0,242.0,1.0,19.0,0.0,0.0,0.0,0.344304299091,1
189,here-for-more.info,16613124.0,206.0,206.0,1.0,52.0,0.0,0.0,0.0,0.416440084355,1
190,herokuapp.com,18489307.0,96485.0,37875.0,0.392548064466,30078.0,2.0,6.64937828313e-05,0.0973801449564,0.400159708813,1
191,hk.com,18241623.0,2055.0,1918.0,0.933333333333,106.0,2.0,0.0188679245283,0.405660377358,0.289235707573,1
192,homedns.org,18465453.0,3336.0,2754.0,0.825539568345,376.0,0.0,0.0,0.031914893617,0.347445788349,1
193,homeftp.org,18480858.0,5159.0,534.0,0.103508431867,119.0,0.0,0.0,0.394957983193,0.323793604869,1
194,homeip.net,18416301.0,3870.0,1988.0,0.513695090439,1085.0,0.0,0.0,0.0267281105991,0.33441212977,1
195,homelinux.com,18405888.0,1078.0,778.0,0.721706864564,416.0,1.0,0.00240384615385,0.0120192307692,0.373463859654,1
196,homesecuritymac.com,18451438.0,2358.0,2358.0,1.0,185.0,0.0,0.0,1.17297297297,0.455090959112,1
197,homesecuritypc.com,18371671.0,1498.0,1497.0,0.999332443258,39.0,0.0,0.0,0.717948717949,0.415500536796,1
198,homeunix.com,18448074.0,462.0,323.0,0.699134199134,157.0,0.0,0.0,0.0445859872611,0.358795982616,1
199,homeunix.org,18332512.0,246.0,135.0,0.548780487805,96.0,0.0,0.0,0.03125,0.367976442289,1
200,hopto.org,119026512.0,71463.0,57427.0,0.803590669297,19489.0,6.0,0.000307865975679,0.0092872902663,0.33724019955,1
201,https443.net,18469353.0,1494.0,1494.0,1.0,84.0,0.0,0.0,0.0714285714286,0.339862955251,1
202,huawei.com,24110328.0,6522.0,659.0,0.101042624962,557.0,7.0,0.0125673249551,0.581687612208,0.362957608523,1
203,hwcdn.net,18485586.0,6504.0,1686.0,0.259225092251,363.0,0.0,0.0,1.1349862259,0.406168847448,1
204,iamallama.com,17760873.0,136.0,93.0,0.683823529412,47.0,1.0,0.0212765957447,0.0,0.366056102481,1
205,ikwb.com,18479375.0,2676.0,2676.0,1.0,230.0,0.0,0.0,0.0869565217391,0.275039148156,1
206,instanthq.com,18458952.0,901.0,900.0,0.998890122087,78.0,1.0,0.0128205128205,0.333333333333,0.408042255865,1
207,interia.pl,18471466.0,24301.0,17551.0,0.722233652936,156.0,8.0,0.0512820512821,0.467948717949,0.331312053161,1
208,iownyour.biz,18419611.0,871.0,829.0,0.95177956372,29.0,0.0,0.0,0.103448275862,0.340827444191,1
209,iownyour.org,18436281.0,141.0,109.0,0.77304964539,28.0,0.0,0.0,0.0357142857143,0.341172545423,1
210,is-a-financialadvisor.com,18433048.0,216.0,216.0,1.0,21.0,0.0,0.0,0.0,0.353738761705,1
211,is-an-accountant.com,18453084.0,369.0,369.0,1.0,46.0,0.0,0.0,0.0,0.375310901661,1
212,is-certified.com,18110602.0,424.0,293.0,0.691037735849,94.0,0.0,0.0,0.127659574468,0.383820811586,1
213,is-leet.com,18434039.0,447.0,327.0,0.731543624161,62.0,0.0,0.0,0.0322580645161,0.364308883669,1
214,is-saved.org,18339174.0,425.0,276.0,0.649411764706,139.0,0.0,0.0,0.10071942446,0.353894453195,1
215,isasecret.com,18463805.0,504.0,475.0,0.94246031746,43.0,0.0,0.0,0.209302325581,0.354079850962,1
216,itemdb.com,18481257.0,2681.0,1599.0,0.59641924655,321.0,0.0,0.0,0.0934579439252,0.37151207774,1
217,itsaol.com,18474624.0,1800.0,959.0,0.532777777778,566.0,0.0,0.0,0.0335689045936,0.359862532878,1
218,jdevcloud.com,18485542.0,6366.0,6080.0,0.95507382972,286.0,1.0,0.0034965034965,0.0384615384615,0.379932542407,1
219,jetos.com,18477158.0,1745.0,1744.0,0.999426934097,185.0,0.0,0.0,0.108108108108,0.378023070415,1
220,jimdo.com,18486769.0,21848.0,14924.0,0.683083119736,10761.0,7.0,0.000650497165691,0.296719635722,0.388125134064,1
221,jkub.com,18474623.0,7139.0,7069.0,0.990194705141,784.0,0.0,0.0,0.031887755102,0.257754185613,1
222,jungleheart.com,18428778.0,683.0,682.0,0.998535871157,46.0,0.0,0.0,0.326086956522,0.349918376205,1
223,justdied.com,18488417.0,22482.0,12078.0,0.537229783827,6502.0,0.0,0.0,0.0010765918179,0.359377949415,1
224,kinxcdn.com,18411047.0,2117.0,782.0,0.369390647142,36.0,0.0,0.0,1.47222222222,0.403948811365,1
225,kozow.com,18468967.0,85371.0,38531.0,0.451335933748,1000.0,0.0,0.0,1.816,0.45197249432,1
226,lflink.com,18473586.0,1978.0,1978.0,1.0,264.0,0.0,0.0,0.0984848484848,0.389608067684,1
227,lflinkup.org,18457797.0,436.0,405.0,0.928899082569,39.0,0.0,0.0,0.128205128205,0.360513565194,1
228,libero.it,18474419.0,19979.0,2782.0,0.139246208519,89.0,9.0,0.101123595506,0.224719101124,0.288864974305,1
229,likesyou.org,18418480.0,344.0,287.0,0.834302325581,59.0,1.0,0.0169491525424,0.0169491525424,0.335313534595,1
230,llnwd.net,18488725.0,28624.0,6975.0,0.243676634992,12877.0,0.0,0.0,2.07610468277,0.537024910823,1
231,loginto.me,18452877.0,834.0,134.0,0.16067146283,141.0,1.0,0.00709219858156,0.22695035461,0.344361029871,1
232,longmusic.com,18474300.0,1032.0,1032.0,1.0,131.0,1.0,0.00763358778626,0.18320610687,0.380106478151,1
233,loseyourip.com,18476801.0,5208.0,5208.0,1.0,196.0,0.0,0.0,0.280612244898,0.428904902385,1
234,lws-hosting.com,18170818.0,375.0,301.0,0.802666666667,41.0,1.0,0.0243902439024,0.0,0.329211368124,1
235,mail.ru,18489546.0,834121.0,25141.0,0.030140711,1324.0,20.0,0.0151057401813,1.07552870091,0.369897471867,1
236,mediafire.com,77189390.0,180894.0,15012.0,0.0829878271253,857.0,8.0,0.00933488914819,0.422403733956,0.3849328787,1
237,mefound.com,18455081.0,1508.0,1503.0,0.996684350133,121.0,2.0,0.0165289256198,0.206611570248,0.348773962104,1
238,mine.nu,18463860.0,35870.0,13525.0,0.377056035684,1193.0,1.0,0.000838222967309,0.0335289186924,0.337563414393,1
239,mit.edu,18482184.0,13507.0,806.0,0.0596727622714,703.0,6.0,0.00853485064011,0.423897581792,0.329345152728,1
240,mlbfan.org,18405761.0,239.0,239.0,1.0,34.0,0.0,0.0,0.0,0.364550146872,1
241,moneyhome.biz,18261517.0,255.0,254.0,0.996078431373,28.0,0.0,0.0,0.0357142857143,0.32552872807,1
242,mrbasic.com,18471191.0,5283.0,5202.0,0.984667802385,230.0,0.0,0.0,0.526086956522,0.451293391489,1
243,mrbonus.com,18443091.0,852.0,852.0,1.0,351.0,0.0,0.0,0.0655270655271,0.423652025628,1
244,mrface.com,18469069.0,6975.0,6833.0,0.979641577061,114.0,2.0,0.0175438596491,0.464912280702,0.389672753847,1
245,mrslove.com,18406800.0,363.0,350.0,0.964187327824,43.0,0.0,0.0,0.093023255814,0.36132248608,1
246,my03.com,18439256.0,1083.0,1082.0,0.999076638966,104.0,0.0,0.0,0.192307692308,0.344112980392,1
247,myactivedirectory.com,18149633.0,557.0,555.0,0.996409335727,79.0,0.0,0.0,0.860759493671,0.417360714009,1
248,myasustor.com,17047131.0,217.0,32.0,0.147465437788,130.0,7.0,0.0538461538462,0.0923076923077,0.31562074536,1
249,mydad.info,18283754.0,151.0,111.0,0.735099337748,19.0,0.0,0.0,0.0526315789474,0.329662747515,1
250,myddns.com,18455830.0,656.0,589.0,0.897865853659,67.0,0.0,0.0,0.313432835821,0.35275454982,1
251,myddns.me,18474389.0,4898.0,2998.0,0.612086565945,525.0,1.0,0.00190476190476,0.0285714285714,0.35294902283,1
252,myeffect.net,18451327.0,355.0,355.0,1.0,19.0,0.0,0.0,0.0,0.336385681293,1
253,myftp.biz,18487810.0,25037.0,22176.0,0.885729120901,3522.0,1.0,0.000283929585463,0.00738216922203,0.344997195473,1
254,myftp.info,18457451.0,543.0,531.0,0.977900552486,37.0,0.0,0.0,0.135135135135,0.369819086852,1
255,myftp.name,18456772.0,1176.0,1176.0,1.0,45.0,0.0,0.0,0.0,0.318224231847,1
256,myftp.org,18488157.0,37276.0,35276.0,0.946346174482,3001.0,1.0,0.000333222259247,0.0143285571476,0.356906959048,1
257,myiphost.com,18423994.0,3580.0,3579.0,0.999720670391,248.0,0.0,0.0,0.0887096774194,0.427635524785,1
258,mylftv.com,18474109.0,3691.0,3691.0,1.0,57.0,0.0,0.0,0.315789473684,0.376140012818,1
259,mymediapc.net,18275667.0,135.0,134.0,0.992592592593,18.0,0.0,0.0,0.5,0.401203529382,1
260,mymom.info,18463425.0,990.0,980.0,0.989898989899,41.0,0.0,0.0,0.341463414634,0.386805914365,1
261,mynetav.net,18435662.0,245.0,173.0,0.70612244898,25.0,0.0,0.0,0.0,0.291441963183,1
262,mynetav.org,18319486.0,253.0,253.0,1.0,41.0,0.0,0.0,0.121951219512,0.325804147095,1
263,mynumber.org,18467452.0,328.0,294.0,0.896341463415,45.0,3.0,0.0666666666667,0.0888888888889,0.293973603853,1
264,mypicture.info,18434264.0,872.0,734.0,0.841743119266,21.0,1.0,0.047619047619,0.047619047619,0.33114701251,1
265,mypsx.net,18265472.0,379.0,374.0,0.986807387863,38.0,0.0,0.0,0.0,0.33302671736,1
266,mysecondarydns.com,18467848.0,411.0,410.0,0.997566909976,15.0,0.0,0.0,0.0666666666667,0.323842598748,1
267,mysecuritycamera.org,18364742.0,325.0,325.0,1.0,24.0,1.0,0.0416666666667,0.916666666667,0.377874086115,1
268,myvnc.com,18488240.0,68290.0,49175.0,0.720090789281,5040.0,2.0,0.000396825396825,0.0585317460317,0.387199734418,1
269,mywww.biz,18458733.0,1473.0,1460.0,0.991174473863,22.0,0.0,0.0,0.0,0.318377474403,1
270,myz.info,18450992.0,1206.0,1203.0,0.997512437811,118.0,1.0,0.00847457627119,0.101694915254,0.351117337709,1
271,net-freaks.com,18295056.0,191.0,125.0,0.65445026178,32.0,0.0,0.0,0.09375,0.342049374384,1
272,netlify.com,18482630.0,40177.0,13961.0,0.347487368395,18876.0,7.0,0.000370841279932,0.074433142615,0.433799347638,1
273,netsolhost.com,18487577.0,10118.0,10097.0,0.997924491006,1012.0,0.0,0.0,0.050395256917,0.314724498244,1
274,nhlfan.net,18370943.0,953.0,953.0,1.0,16.0,0.0,0.0,0.0625,0.344081747086,1
275,ninth.biz,18452133.0,635.0,589.0,0.927559055118,58.0,0.0,0.0,0.0689655172414,0.334923688318,1
276,no-ip.biz,18487060.0,78625.0,67626.0,0.860108108108,16758.0,5.0,0.000298364960019,0.00358037952023,0.331398340711,1
277,no-ip.info,18487244.0,31788.0,26524.0,0.834402919341,5895.0,2.0,0.000339270568278,0.00407124681934,0.319186199381,1
278,no-ip.org,85986416.0,58017.0,43895.0,0.756588586104,13225.0,4.0,0.000302457466919,0.00499054820416,0.338618868295,1
279,ns01.biz,18480711.0,399.0,368.0,0.922305764411,40.0,1.0,0.025,0.025,0.37351347563,1
280,ns01.info,18443948.0,534.0,491.0,0.919475655431,66.0,0.0,0.0,0.166666666667,0.372885098121,1
281,ns01.us,18284092.0,511.0,476.0,0.931506849315,41.0,1.0,0.0243902439024,0.19512195122,0.327643829946,1
282,ns02.biz,18364324.0,141.0,118.0,0.836879432624,27.0,1.0,0.037037037037,0.222222222222,0.366006187826,1
283,ns02.info,18117760.0,144.0,144.0,1.0,32.0,0.0,0.0,0.125,0.353219520919,1
284,ns1.name,18391677.0,345.0,258.0,0.747826086957,39.0,0.0,0.0,0.102564102564,0.324458053299,1
285,ns2.name,18320785.0,198.0,198.0,1.0,38.0,0.0,0.0,0.131578947368,0.352804538607,1
286,ns3.name,18269360.0,147.0,108.0,0.734693877551,37.0,0.0,0.0,0.0810810810811,0.353829236439,1
287,o2switch.net,18465141.0,376.0,286.0,0.760638297872,65.0,0.0,0.0,0.338461538462,0.329073751117,1
288,ocry.com,18471621.0,1674.0,1482.0,0.885304659498,267.0,0.0,0.0,0.191011235955,0.424923495109,1
289,office.com,18489210.0,2212604.0,31678.0,0.01431706713,2032734.0,11.0,5.41143110707e-06,1.9997850186,0.513312169402,1
290,onedumb.com,18425595.0,1387.0,1331.0,0.959625090123,64.0,0.0,0.0,0.53125,0.374493423844,1
291,onion.ly,18279575.0,917.0,212.0,0.23118865867,120.0,0.0,0.0,0.0333333333333,0.490959268628,1
292,onmypc.info,18441952.0,243.0,243.0,1.0,27.0,0.0,0.0,0.0740740740741,0.332211609316,1
293,onmypc.net,18456501.0,399.0,320.0,0.802005012531,61.0,0.0,0.0,0.0491803278689,0.363949771706,1
294,onmypc.org,18470288.0,318.0,282.0,0.88679245283,30.0,0.0,0.0,0.0666666666667,0.306311143162,1
295,onthewifi.com,18473900.0,8637.0,7226.0,0.836633090193,642.0,2.0,0.00311526479751,0.0919003115265,0.382128504338,1
296,ooguy.com,18471811.0,3566.0,3566.0,1.0,358.0,1.0,0.00279329608939,0.377094972067,0.400641496058,1
297,organiccrap.com,18466123.0,1170.0,791.0,0.676068376068,63.0,1.0,0.015873015873,0.444444444444,0.388609252729,1
298,otzo.com,18484497.0,2817.0,2637.0,0.936102236422,356.0,0.0,0.0,0.0730337078652,0.412612670771,1
299,ourhobby.com,18442856.0,774.0,774.0,1.0,52.0,0.0,0.0,0.211538461538,0.361194633821,1
300,pcloud.com,18461646.0,3175.0,1095.0,0.344881889764,528.0,2.0,0.00378787878788,1.46590909091,0.392434490572,1
301,pixnet.net,19478142.0,34878.0,1875.0,0.0537588164459,17120.0,5.0,0.000292056074766,0.000700934579439,0.349490513389,1
302,pointto.us,17718755.0,161.0,116.0,0.72049689441,26.0,0.0,0.0,0.0384615384615,0.341472882909,1
303,popcash.net,20513330.0,6660.0,6651.0,0.998648648649,18.0,0.0,0.0,0.333333333333,0.20973538885,1
304,prv.pl,18481551.0,1164.0,747.0,0.64175257732,299.0,1.0,0.00334448160535,0.19397993311,0.348252866191,1
305,qhigh.com,18461456.0,980.0,980.0,1.0,115.0,0.0,0.0,0.139130434783,0.38375854179,1
306,qpoe.com,18487590.0,1833.0,1833.0,1.0,115.0,2.0,0.0173913043478,0.426086956522,0.387692560242,1
307,qq.com,18490146.0,196611.0,111003.0,0.564581839266,5881.0,25.0,0.00425097772488,1.00442101683,0.343084604299,1
308,qualtrics.com,18481871.0,31151.0,1837.0,0.0589708195564,3129.0,4.0,0.00127836369447,0.885586449345,0.414229382319,1
309,quicksytes.com,18368037.0,211.0,211.0,1.0,47.0,0.0,0.0,0.36170212766,0.371612729341,1
310,rackcdn.com,18477677.0,16442.0,4196.0,0.255200097312,4039.0,0.0,0.0,2.00742758108,0.502331874554,1
311,read-books.org,18371966.0,688.0,688.0,1.0,45.0,1.0,0.0222222222222,0.244444444444,0.365221128356,1
312,readmyblog.org,14704255.0,119.0,119.0,1.0,23.0,0.0,0.0,0.0,0.331917616996,1
313,rebatesrule.net,18434073.0,475.0,469.0,0.987368421053,25.0,0.0,0.0,0.2,0.379294149123,1
314,redirectme.net,18480137.0,23331.0,23288.0,0.998156958553,3170.0,4.0,0.001261829653,0.0217665615142,0.365115243944,1
315,scieron.com,18416253.0,216.0,216.0,1.0,26.0,0.0,0.0,0.0,0.32729013137,1
316,secureserver.net,18487124.0,39519.0,33322.0,0.843189351957,2090.0,11.0,0.00526315789474,1.57559808612,0.424487800539,1
317,securitytactics.com,18180818.0,1165.0,1025.0,0.87982832618,151.0,1.0,0.00662251655629,1.1059602649,0.435067698579,1
318,sellclassics.com,18477949.0,2920.0,2890.0,0.989726027397,141.0,0.0,0.0,0.13475177305,0.333424284112,1
319,sells-it.net,18289879.0,150.0,126.0,0.84,42.0,0.0,0.0,0.166666666667,0.354623109314,1
320,sendsmtp.com,18421672.0,559.0,495.0,0.885509838998,54.0,1.0,0.0185185185185,0.277777777778,0.360015484193,1
321,sendspace.com,18485193.0,19865.0,17373.0,0.874553234332,83.0,2.0,0.0240963855422,0.0481927710843,0.301725635674,1
322,servebbs.com,18467024.0,1075.0,550.0,0.511627906977,416.0,0.0,0.0,0.0432692307692,0.34033712805,1
323,servebbs.net,16747875.0,363.0,291.0,0.801652892562,70.0,1.0,0.0142857142857,0.0,0.359686897054,1
324,servebbs.org,18128204.0,240.0,129.0,0.5375,95.0,0.0,0.0,0.0631578947368,0.35724588993,1
325,servebeer.com,21214527.0,64205.0,64115.0,0.998598240012,5075.0,2.0,0.000394088669951,0.04039408867,0.385323503615,1
326,serveblog.net,18480201.0,22540.0,22539.0,0.999955634428,1737.0,3.0,0.00172711571675,0.0408750719632,0.37367324029,1
327,servecounterstrike.com,18482810.0,13850.0,13842.0,0.999422382671,787.0,2.0,0.00254129606099,0.193138500635,0.402440936504,1
328,serveexchange.com,17781641.0,210.0,210.0,1.0,40.0,1.0,0.025,0.15,0.369387045772,1
329,serveftp.com,18479046.0,25364.0,21024.0,0.82889134206,3546.0,2.0,0.000564015792442,0.0538635081782,0.383170678576,1
330,serveftp.org,18325276.0,507.0,186.0,0.366863905325,121.0,0.0,0.0,0.0743801652893,0.350461599617,1
331,servegame.com,18471361.0,7998.0,6331.0,0.791572893223,1941.0,5.0,0.00257599175683,0.0370942812983,0.360093940382,1
332,servegame.org,18283652.0,505.0,381.0,0.754455445545,126.0,0.0,0.0,0.0,0.347136551085,1
333,servehalflife.com,18466547.0,6214.0,6207.0,0.998873511426,601.0,2.0,0.00332778702163,0.0798668885191,0.39091837627,1
334,servehttp.com,18484242.0,60547.0,56736.0,0.937057162205,4996.0,5.0,0.00100080064051,0.0724579663731,0.40555783083,1
335,serveirc.com,18494982.0,171913.0,171901.0,0.999930197251,7691.0,5.0,0.000650110518788,0.0791834611884,0.415270400652,1
336,serveminecraft.net,18456968.0,2163.0,2157.0,0.997226074896,374.0,1.0,0.00267379679144,0.0187165775401,0.381025176858,1
337,servemp3.com,18451186.0,2557.0,1652.0,0.646069612828,611.0,1.0,0.00163666121113,0.0425531914894,0.368356186205,1
338,serveo.net,18471579.0,6212.0,6204.0,0.998712169994,1374.0,6.0,0.00436681222707,0.855167394469,0.366144702891,1
339,servep2p.com,18396614.0,1315.0,172.0,0.130798479087,94.0,1.0,0.0106382978723,0.127659574468,0.337001180709,1
340,servepics.com,18468354.0,8410.0,6270.0,0.745541022592,1436.0,1.0,0.000696378830084,0.0689415041783,0.38318969047,1
341,servequake.com,18480513.0,16368.0,15325.0,0.936278103617,1043.0,0.0,0.0,0.0671140939597,0.408556747946,1
342,servesarcasm.com,18332492.0,238.0,238.0,1.0,23.0,0.0,0.0,0.347826086957,0.380188326154,1
343,serveuser.com,18462991.0,3488.0,3264.0,0.935779816514,297.0,1.0,0.003367003367,0.185185185185,0.387316469165,1
344,serveusers.com,18460226.0,3541.0,2902.0,0.819542502118,407.0,1.0,0.002457002457,0.206388206388,0.396190446484,1
345,sexidude.com,18427319.0,838.0,817.0,0.974940334129,75.0,1.0,0.0133333333333,0.106666666667,0.366473473203,1
346,sharefile.com,18480312.0,16393.0,8131.0,0.496004392119,3194.0,3.0,0.00093926111459,0.0100187852223,0.35876762215,1
347,sharepoint.com,18490095.0,257767.0,116713.0,0.452784879368,29248.0,1.0,3.41903719912e-05,0.29841356674,0.407239883408,1
348,sinaapp.com,18487170.0,7610.0,3538.0,0.464914586071,2684.0,0.0,0.0,0.596497764531,0.39182279278,1
349,sixth.biz,18458887.0,403.0,403.0,1.0,56.0,1.0,0.0178571428571,0.0,0.326534587128,1
350,slyip.com,18326921.0,492.0,439.0,0.892276422764,53.0,5.0,0.0943396226415,0.11320754717,0.324008752163,1
351,slyip.net,18470751.0,2336.0,2336.0,1.0,372.0,6.0,0.0161290322581,0.104838709677,0.391494472783,1
352,sogou.com,20179615.0,85001.0,54476.0,0.640886577805,710.0,3.0,0.00422535211268,1.07042253521,0.341032372118,1
353,sourceforge.net,56790773.0,60390.0,19612.0,0.324755754264,1712.0,2.0,0.00116822429907,0.16238317757,0.327981810798,1
354,squarespace.com,18486516.0,25527.0,617.0,0.0241704861519,11188.0,5.0,0.000446907400787,0.377904898105,0.414510050266,1
355,squirly.info,18472952.0,286.0,240.0,0.839160839161,27.0,0.0,0.0,0.148148148148,0.339563190442,1
356,ssl443.org,18477636.0,4466.0,4466.0,1.0,90.0,0.0,0.0,0.0777777777778,0.331176583656,1
357,stufftoread.com,18322580.0,263.0,206.0,0.783269961977,35.0,0.0,0.0,0.314285714286,0.389099635935,1
358,suroot.com,18476568.0,1180.0,1043.0,0.883898305085,63.0,0.0,0.0,0.0793650793651,0.364169882576,1
359,sync.com,18456764.0,4102.0,3163.0,0.7710872745,39.0,2.0,0.0512820512821,0.128205128205,0.246310722788,1
360,sytes.net,18486183.0,112795.0,96770.0,0.85792809965,7947.0,2.0,0.000251667295835,0.038127595319,0.350727669345,1
361,t-online.de,18482453.0,22493.0,8942.0,0.39754590317,773.0,13.0,0.0168175937904,1.21474773609,0.436316036034,1
362,t.co,18489540.0,127186.0,12693.0,0.0997987199849,31.0,1.0,0.0322580645161,0.0322580645161,0.284254303815,1
363,tbcache.com,18428559.0,2765.0,434.0,0.156962025316,2156.0,0.0,0.0,1.08116883117,0.532346718271,1
364,theworkpc.com,18479800.0,44079.0,44077.0,0.99995462692,399.0,0.0,0.0,1.05764411028,0.425251287439,1
365,thruhere.net,18369198.0,364.0,218.0,0.598901098901,120.0,0.0,0.0,0.025,0.314852797335,1
366,tistory.com,25181001.0,99973.0,57165.0,0.571804387185,20011.0,3.0,0.00014991754535,0.261905951727,0.340746057639,1
367,toh.info,18464069.0,3274.0,3274.0,1.0,111.0,4.0,0.036036036036,0.27027027027,0.32789046942,1
368,toythieves.com,18486551.0,16594.0,16070.0,0.968422321321,340.0,0.0,0.0,0.0882352941176,0.344256138773,1
369,trickip.net,18463269.0,3876.0,3846.0,0.99226006192,757.0,0.0,0.0,0.474240422721,0.39183234861,1
370,trickip.org,18457794.0,686.0,610.0,0.889212827988,86.0,1.0,0.0116279069767,0.0348837209302,0.333100226007,1
371,tumblr.com,19676628.0,271335.0,20836.0,0.0767906831039,180523.0,7.0,3.87762224204e-05,0.411930889693,0.400617706652,1
372,typeform.com,18484229.0,9696.0,3927.0,0.405012376238,3251.0,7.0,0.0021531836358,0.0221470316826,0.370944994812,1
373,ufcfan.org,18303291.0,259.0,257.0,0.992277992278,93.0,1.0,0.010752688172,0.010752688172,0.349105599128,1
374,unusualperson.com,18365160.0,435.0,432.0,0.993103448276,105.0,1.0,0.00952380952381,0.619047619048,0.411506155965,1
375,uol.com.br,25712357.0,41141.0,10854.0,0.263824408741,815.0,11.0,0.0134969325153,0.734969325153,0.38267225536,1
376,uptodown.com,53862730.0,68669.0,11884.0,0.173062080415,9061.0,5.0,0.000551815472906,0.803443328551,0.404772954236,1
377,viewdns.net,18407369.0,2264.0,1950.0,0.861307420495,265.0,1.0,0.00377358490566,0.124528301887,0.379103335003,1
378,vivawebhost.com,18370887.0,149.0,97.0,0.651006711409,42.0,1.0,0.0238095238095,0.0,0.281685926997,1
379,vizvaz.com,18466421.0,2349.0,2349.0,1.0,69.0,0.0,0.0,0.507246376812,0.386510679101,1
380,webcindario.com,18488912.0,97219.0,83421.0,0.85807301042,10499.0,4.0,0.000380988665587,0.00219068482713,0.356674991124,1
381,webhop.info,18412543.0,311.0,172.0,0.553054662379,128.0,0.0,0.0,0.0,0.351048021717,1
382,webhop.me,18479849.0,5859.0,5803.0,0.990442054958,566.0,0.0,0.0,0.065371024735,0.35723242351,1
383,webhop.net,18435463.0,4389.0,4345.0,0.989974937343,231.0,0.0,0.0,0.030303030303,0.325970570065,1
384,webhop.org,18441266.0,663.0,293.0,0.441930618401,261.0,0.0,0.0,0.0153256704981,0.363275682519,1
385,webhostbox.net,18481935.0,12059.0,8409.0,0.697321502612,2391.0,0.0,0.0,2.58552906734,0.471697950425,1
386,weebly.com,18487850.0,137687.0,66562.0,0.483429808188,52720.0,2.0,3.79362670713e-05,0.32097875569,0.395739298206,1
387,wikaba.com,18487586.0,6234.0,6176.0,0.990696182226,1106.0,1.0,0.000904159132007,0.115732368897,0.393446845385,1
388,wixsite.com,18488830.0,39367.0,6134.0,0.155815784794,22823.0,1.0,4.38154493274e-05,0.0102528151426,0.375341908251,1
389,wordpress.com,59649373.0,252253.0,19176.0,0.0760189175154,187415.0,5.0,2.66787610383e-05,0.462049462423,0.399207180026,1
390,workisboring.com,18425349.0,708.0,708.0,1.0,64.0,0.0,0.0,0.015625,0.373531462419,1
391,worldssl.net,18488009.0,34778.0,32808.0,0.943354994537,141.0,0.0,0.0,1.00709219858,0.389578696172,1
392,wp.com,18486165.0,37180.0,10575.0,0.28442711135,34.0,0.0,0.0,0.382352941176,0.189033958775,1
393,wpdevcloud.com,18462145.0,3750.0,3745.0,0.998666666667,242.0,1.0,0.00413223140496,0.0743801652893,0.359453912165,1
394,www1.biz,18479878.0,4610.0,4609.0,0.99978308026,370.0,1.0,0.0027027027027,0.00810810810811,0.394175833435,1
395,wwwhost.biz,18327427.0,347.0,330.0,0.951008645533,25.0,0.0,0.0,0.0,0.34686911436,1
396,x10.bz,18478808.0,1840.0,1731.0,0.940760869565,106.0,0.0,0.0,0.367924528302,0.35976289534,1
397,x24hr.com,18453963.0,1486.0,1403.0,0.944145356662,92.0,0.0,0.0,0.228260869565,0.377482155755,1
398,xicp.net,18460656.0,845.0,845.0,1.0,142.0,1.0,0.00704225352113,0.0281690140845,0.31971965825,1
399,xunlei.com,18484148.0,3512.0,1647.0,0.468963553531,249.0,4.0,0.0160642570281,1.06827309237,0.348858409593,1
400,xxuz.com,18485090.0,9869.0,9863.0,0.999392035667,999.0,0.0,0.0,0.344344344344,0.404233972029,1
401,xxxy.info,18463070.0,20815.0,20811.0,0.999807830891,1310.0,0.0,0.0,0.00458015267176,0.350236942495,1
402,ygto.com,18467095.0,1124.0,1102.0,0.980427046263,166.0,1.0,0.00602409638554,0.33734939759,0.39854872944,1
403,yolasite.com,18480372.0,60709.0,16037.0,0.264161821147,34672.0,1.0,2.8841716659e-05,0.0722485002307,0.388552899825,1
404,yourtrap.com,18477283.0,22631.0,22630.0,0.999955812823,317.0,2.0,0.00630914826498,0.258675078864,0.385525775591,1
405,zapto.org,18479935.0,65051.0,39595.0,0.608676269389,14597.0,7.0,0.000479550592588,0.00870041789409,0.337873948379,1
406,zendesk.com,54373406.0,17007.0,1374.0,0.080790262833,6808.0,5.0,0.000734430082256,0.0425969447709,0.36646536749,1
407,zol.com.cn,18486574.0,39119.0,35135.0,0.898156905851,236.0,5.0,0.021186440678,0.322033898305,0.243301603721,1
408,zyns.com,18478405.0,2101.0,1875.0,0.892432175155,232.0,1.0,0.00431034482759,0.331896551724,0.385007652451,1
409,zzux.com,18479538.0,10341.0,10313.0,0.997292331496,402.0,0.0,0.0,0.378109452736,0.380719327399,1
410,ivedu.ru,18239156.0,328.0,295.0,0.899390243902,6.0,1.0,0.166666666667,0.0,0.215040169414,0
411,dreamscape.co.in,18055692.0,68.0,57.0,0.838235294118,3.0,0.0,0.0,0.0,0.212775123103,0
412,rjiogaighjga.ml,15187642.0,41.0,41.0,1.0,1.0,0.0,0.0,0.0,0.0,0
413,lowiecki.pl,18470253.0,262.0,249.0,0.950381679389,5.0,2.0,0.4,0.0,0.166096406595,0
414,netfverif.com,10097087.0,30.0,30.0,1.0,1.0,0.0,0.0,0.0,0.0,0
415,premier-equities.com,17780380.0,121.0,121.0,1.0,1.0,0.0,0.0,0.0,0.0,0
416,reelsa.net,18293264.0,41.0,41.0,1.0,1.0,0.0,0.0,0.0,0.0,0
417,hdr-photography.com,16400594.0,88.0,85.0,0.965909090909,2.0,1.0,0.5,0.0,0.0,0
418,52pk.com,73029477.0,4012.0,3446.0,0.858923230309,66.0,1.0,0.0151515151515,0.318181818182,0.241746145931,0
419,apple-apfld.com,12714878.0,21.0,21.0,1.0,1.0,0.0,0.0,0.0,0.0,0
420,squaredyu.com,12312944.0,322.0,322.0,1.0,2.0,1.0,0.5,0.0,0.0,0
421,rijifokove.tk,17697071.0,42.0,42.0,1.0,1.0,0.0,0.0,0.0,0.0,0
422,confirmyour.ml,11759254.0,61.0,61.0,1.0,1.0,0.0,0.0,0.0,0.0,0
423,legacypension.com,18375849.0,177.0,174.0,0.983050847458,1.0,0.0,0.0,0.0,0.0,0
424,microsoftbox365.com,18275372.0,38.0,38.0,1.0,1.0,0.0,0.0,0.0,0.0,0
425,centralceans.com,11738054.0,14.0,14.0,1.0,1.0,0.0,0.0,0.0,0.0,0
426,raptor4x4.it,18312462.0,114.0,104.0,0.912280701754,2.0,1.0,0.5,0.0,0.0,0
427,suffolkhouse.com.my,18476759.0,740.0,719.0,0.971621621622,2.0,1.0,0.5,0.0,0.0,0
428,yoyo.pl,18480708.0,7872.0,7872.0,1.0,164.0,0.0,0.0,0.19512195122,0.353680218003,0
429,silvermeow.com,18156216.0,90.0,90.0,1.0,2.0,1.0,0.5,0.0,0.0,0
430,commande.icu,17768709.0,40.0,40.0,1.0,1.0,0.0,0.0,0.0,0.0,0
431,citi-com.com,2707289.0,5.0,5.0,1.0,1.0,0.0,0.0,0.0,0.0,0
432,comsecurity-apple.bid,13080775.0,5.0,5.0,1.0,1.0,0.0,0.0,0.0,0.0,0
433,sk-nf.in,13049328.0,17.0,9.0,0.529411764706,1.0,0.0,0.0,0.0,0.0,0
434,goodfile.co.kr,18363860.0,131.0,131.0,1.0,3.0,1.0,0.333333333333,0.0,0.0833333333333,0
435,paulomara.com,18423220.0,275.0,273.0,0.992727272727,2.0,1.0,0.5,0.0,0.0,0
436,azta.az,14845068.0,38.0,36.0,0.947368421053,3.0,0.0,0.0,0.0,0.135484549652,0
437,rehaji.xyz,11215073.0,19.0,18.0,0.947368421053,1.0,0.0,0.0,0.0,0.0,0
438,raceroster.com,17816649.0,102.0,13.0,0.127450980392,8.0,0.0,0.0,0.0,0.255900055417,0
439,minergate.com,18441553.0,892.0,703.0,0.788116591928,53.0,6.0,0.11320754717,0.358490566038,0.23145232939,0
440,lancashirefootclinic.co.uk,18309094.0,94.0,94.0,1.0,1.0,0.0,0.0,0.0,0.0,0
441,paypal-service-account.com,12274993.0,157.0,157.0,1.0,2.0,1.0,0.5,0.0,0.0,0
442,amazon-signin-pages.com,14967055.0,31.0,29.0,0.935483870968,1.0,0.0,0.0,0.0,0.0,0
443,fibreworx.co.za,18298333.0,37.0,37.0,1.0,1.0,0.0,0.0,0.0,0.0,0
444,ghazi21.xyz,18082082.0,162.0,162.0,1.0,1.0,0.0,0.0,0.0,0.0,0
445,micrologic.ca,18267255.0,53.0,44.0,0.830188679245,2.0,1.0,0.5,0.0,0.0,0
446,metalgypsum.com.br,18391605.0,176.0,176.0,1.0,1.0,0.0,0.0,0.0,0.0,0
447,landermaestro.com,15465140.0,100.0,82.0,0.82,3.0,1.0,0.333333333333,0.0,0.122820951156,0
448,paypal-authorized-account.com,8379870.0,22.0,22.0,1.0,1.0,0.0,0.0,0.0,0.0,0
449,radiantlightyoga.com,16062157.0,27.0,27.0,1.0,1.0,0.0,0.0,0.0,0.0,0
450,paypal-authentication.com,14309699.0,338.0,338.0,1.0,1.0,0.0,0.0,0.0,0.0,0
451,beijing.gov.cn,18404319.0,469.0,8.0,0.0170575692964,83.0,1.0,0.0120481927711,0.433734939759,0.234742825658,0
452,security-appleid.com,16483865.0,186.0,186.0,1.0,6.0,5.0,0.833333333333,0.0,0.212493170856,0
453,dogominhduc.com,10034145.0,16.0,16.0,1.0,1.0,0.0,0.0,0.0,0.0,0
454,willowspringsnsj.org,18284343.0,74.0,71.0,0.959459459459,1.0,0.0,0.0,0.0,0.0,0
455,analytics-google.net,18357620.0,29.0,29.0,1.0,1.0,0.0,0.0,0.0,0.0,0
456,pendencia-vxc.com,12773109.0,250.0,250.0,1.0,20.0,0.0,0.0,0.0,0.380753606078,0
457,k-director.com,17648738.0,68.0,68.0,1.0,2.0,1.0,0.5,0.0,0.0,0
458,apple-apfib.com,18218948.0,42.0,42.0,1.0,1.0,0.0,0.0,0.0,0.0,0
459,citroen.dk,18332573.0,110.0,32.0,0.290909090909,5.0,1.0,0.2,0.0,0.147672266422,0
460,rueb.co.uk,18298314.0,38.0,38.0,1.0,1.0,0.0,0.0,0.0,0.0,0
461,dokom.net,18367514.0,102.0,98.0,0.960784313725,3.0,0.0,0.0,0.0,0.176496927776,0
462,jb51.net,18486692.0,68084.0,56509.0,0.829989424828,108.0,2.0,0.0185185185185,0.351851851852,0.249015750377,0
463,nissad.com,18310313.0,106.0,106.0,1.0,1.0,0.0,0.0,0.0,0.0,0
464,undip.ac.id,18434273.0,1215.0,990.0,0.814814814815,106.0,1.0,0.00943396226415,0.566037735849,0.311012825763,0
465,2019z.ru,12529177.0,273.0,165.0,0.604395604396,1.0,0.0,0.0,0.0,0.0,0
466,granvilk.ga,17560531.0,40.0,40.0,1.0,1.0,0.0,0.0,0.0,0.0,0
467,petedefertoss.com,14726830.0,6878.0,6876.0,0.999709217796,6.0,1.0,0.166666666667,0.5,0.162172801216,0
468,article-ben94-au.pl,16407037.0,26.0,26.0,1.0,1.0,0.0,0.0,0.0,0.0,0
469,takexkey.com,14344469.0,96.0,93.0,0.96875,1.0,0.0,0.0,0.0,0.0,0
470,almuftah.com,18408722.0,274.0,256.0,0.934306569343,6.0,1.0,0.166666666667,0.333333333333,0.17540637646,0
471,credit-agricole-departements.cf,12655275.0,10.0,10.0,1.0,1.0,0.0,0.0,0.0,0.0,0
472,spysoftwareking.com,18384884.0,266.0,246.0,0.924812030075,3.0,1.0,0.333333333333,0.333333333333,0.0660401052075,0
473,coolflower.xyz,10921372.0,24.0,24.0,1.0,2.0,1.0,0.5,0.0,0.0,0
474,ratishnaroor.com,18089071.0,313.0,134.0,0.428115015974,4.0,1.0,0.25,0.0,0.232363050425,0
475,lettermelater.com,18474599.0,1982.0,252.0,0.127144298688,2.0,1.0,0.5,0.0,0.0,0
476,rh377.com,15866624.0,62.0,61.0,0.983870967742,1.0,0.0,0.0,0.0,0.0,0
477,gewagoting.net,10348668.0,19.0,19.0,1.0,1.0,0.0,0.0,0.0,0.0,0
478,ssf.ly,18288134.0,38.0,35.0,0.921052631579,1.0,0.0,0.0,0.0,0.0,0
479,formbuddy.com,18477983.0,668.0,653.0,0.97754491018,2.0,1.0,0.5,0.0,0.0,0
480,nios.ac.in,18430487.0,422.0,223.0,0.528436018957,11.0,1.0,0.0909090909091,0.0909090909091,0.211194540788,0
481,eclipsemex.com,18212806.0,9.0,7.0,0.777777777778,2.0,1.0,0.5,0.0,0.125,0
482,vocerkovlenie.ru,18317774.0,146.0,142.0,0.972602739726,2.0,1.0,0.5,0.0,0.0,0
483,loekofpjaga.ml,15180506.0,35.0,35.0,1.0,1.0,0.0,0.0,0.0,0.0,0
484,afwuefgvagv.cf,10990464.0,11.0,11.0,1.0,1.0,0.0,0.0,0.0,0.0,0
485,pchome.net,20425249.0,34520.0,32859.0,0.951882966396,71.0,3.0,0.0422535211268,0.605633802817,0.318908190562,0
486,synctraff.com,18341261.0,280.0,269.0,0.960714285714,1.0,0.0,0.0,0.0,0.0,0
487,societeservice.cf,11547625.0,15.0,15.0,1.0,2.0,1.0,0.5,0.0,0.0,0
488,magicview.icu,10645842.0,71.0,71.0,1.0,1.0,0.0,0.0,0.0,0.0,0
489,cubiiik.ru,17824018.0,54.0,54.0,1.0,1.0,0.0,0.0,0.0,0.0,0
490,watsappsohbet.buzz,13352344.0,25.0,25.0,1.0,1.0,0.0,0.0,0.0,0.0,0
491,20script.ir,18450168.0,319.0,237.0,0.742946708464,6.0,1.0,0.166666666667,0.166666666667,0.0998433596352,0
492,filmyhd.net,16631118.0,140.0,138.0,0.985714285714,2.0,1.0,0.5,0.0,0.0,0
493,confirmationcentre.cf,12325651.0,82.0,82.0,1.0,1.0,0.0,0.0,0.0,0.0,0
494,ucoz.lv,18331405.0,133.0,79.0,0.593984962406,41.0,0.0,0.0,0.0243902439024,0.315307355832,0
495,paypal-update.com,18319649.0,92.0,92.0,1.0,2.0,1.0,0.5,0.0,0.0,0
496,netvisao.pt,18448887.0,1101.0,1048.0,0.951861943688,49.0,0.0,0.0,0.0612244897959,0.374582248706,0
497,appleid-login.club,8077939.0,25.0,25.0,1.0,1.0,0.0,0.0,0.0,0.0,0
498,knop.cl,18367242.0,75.0,70.0,0.933333333333,2.0,1.0,0.5,0.0,0.0,0
499,davpschandigarh.com,12889262.0,36.0,26.0,0.722222222222,2.0,1.0,0.5,0.0,0.0,0
500,bjaiuhngaba.ml,9806964.0,18.0,18.0,1.0,1.0,0.0,0.0,0.0,0.0,0
501,mail.ht,18229398.0,155.0,145.0,0.935483870968,9.0,1.0,0.111111111111,0.0,0.322661203295,0
502,tecnicon.com.br,17874536.0,312.0,312.0,1.0,2.0,1.0,0.5,0.0,0.0,0
503,fm-solutions.co.za,11781053.0,71.0,61.0,0.859154929577,5.0,3.0,0.6,0.0,0.175081459582,0
504,vasturaviraj.co.in,18401316.0,161.0,160.0,0.993788819876,2.0,1.0,0.5,0.0,0.0,0
505,nick-shaw.co.uk,18307542.0,40.0,40.0,1.0,2.0,1.0,0.5,0.0,0.0,0
506,cadastroemprego.ga,17789189.0,52.0,52.0,1.0,2.0,1.0,0.5,0.0,0.125,0
507,seacollection.com.vn,18337932.0,217.0,215.0,0.990783410138,1.0,0.0,0.0,0.0,0.0,0
508,macraigor.com,16412087.0,124.0,118.0,0.951612903226,2.0,1.0,0.5,0.0,0.0,0
509,ammyy.com,18434082.0,1519.0,956.0,0.629361421988,8.0,1.0,0.125,0.125,0.128242848155,0
510,yelia.com,15971384.0,19.0,15.0,0.789473684211,2.0,1.0,0.5,0.0,0.0,0
511,supported-accountapple.com,12042596.0,42.0,42.0,1.0,1.0,0.0,0.0,0.0,0.0,0
512,existing-error48.tk,17783032.0,76.0,76.0,1.0,1.0,0.0,0.0,0.0,0.0,0
513,santanabasculas.com,18333169.0,36.0,36.0,1.0,1.0,0.0,0.0,0.0,0.0,0
514,updtcntrlactn.com,14663345.0,39.0,37.0,0.948717948718,2.0,0.0,0.0,0.0,0.157602534521,0
515,racedayworld.com,18399793.0,167.0,163.0,0.976047904192,3.0,2.0,0.666666666667,0.0,0.0660401052075,0
516,vsu.ru,18147810.0,2900.0,171.0,0.0589655172414,16.0,1.0,0.0625,0.5625,0.246618181223,0
517,lurjkwemehgawesmtp.com,12369842.0,40.0,39.0,0.975,2.0,0.0,0.0,1.0,0.239462618711,0
518,ec-p.ru,18284327.0,172.0,161.0,0.936046511628,2.0,1.0,0.5,0.0,0.0,0
519,existing-error41.tk,16592919.0,18.0,18.0,1.0,1.0,0.0,0.0,0.0,0.0,0
520,app-apple.live,12736831.0,27.0,27.0,1.0,1.0,0.0,0.0,0.0,0.0,0
521,oreservasiou-mailbox.com,10114330.0,29.0,25.0,0.862068965517,2.0,0.0,0.0,1.0,0.259393298647,0
522,masverde.cl,9832708.0,10.0,9.0,0.9,1.0,0.0,0.0,0.0,0.0,0
523,opinioes.info,18368173.0,264.0,240.0,0.909090909091,6.0,0.0,0.0,0.0,0.32115433534,0
524,sisp.se,18283123.0,81.0,81.0,1.0,2.0,1.0,0.5,0.0,0.0,0
525,rawangpost.com,18269537.0,174.0,170.0,0.977011494253,5.0,1.0,0.2,0.0,0.13970551984,0
526,ordercancel.com,10679281.0,15.0,15.0,1.0,1.0,0.0,0.0,0.0,0.0,0
527,jcdc.gov.jm,18269972.0,96.0,72.0,0.75,1.0,0.0,0.0,0.0,0.0,0
528,uzzf.com,18466866.0,13731.0,13640.0,0.993372660403,30.0,3.0,0.1,0.1,0.112092678195,0
529,parnert-eriste.ga,10047712.0,9.0,9.0,1.0,1.0,0.0,0.0,0.0,0.0,0
530,ciogjagaaf.ml,10825587.0,21.0,21.0,1.0,1.0,0.0,0.0,0.0,0.0,0
531,ricohogar.com,18310309.0,39.0,39.0,1.0,1.0,0.0,0.0,0.0,0.0,0
532,appleid-confirm-locked-account.jp,8008857.0,16.0,16.0,1.0,1.0,0.0,0.0,0.0,0.0,0
533,google-anaiytic.com,16951490.0,40.0,40.0,1.0,1.0,0.0,0.0,0.0,0.0,0
534,secure-paypal.org,18310269.0,40.0,40.0,1.0,1.0,0.0,0.0,0.0,0.0,0
535,snowshoerentals.com,18279982.0,40.0,40.0,1.0,1.0,0.0,0.0,0.0,0.0,0
536,romascuola.net,18475670.0,5044.0,5037.0,0.99861221253,4.0,0.0,0.0,0.0,0.179953744191,0
537,blockchain-ww.com,5426741.0,15.0,15.0,1.0,1.0,0.0,0.0,0.0,0.0,0
538,accounts-bill-terms-of-service-appleid.jp,12965668.0,2.0,2.0,1.0,1.0,0.0,0.0,0.0,0.0,0
539,ozonline.com.au,18251290.0,73.0,67.0,0.917808219178,4.0,1.0,0.25,0.0,0.204581044807,0
540,andamankarateassociation.in,12423098.0,94.0,91.0,0.968085106383,3.0,2.0,0.666666666667,0.0,0.0833333333333,0
541,3vhost.net,18292138.0,100.0,99.0,0.99,12.0,0.0,0.0,0.0,0.272477708848,0
542,sanskarvidhyapeeth.com,18257477.0,40.0,38.0,0.95,1.0,0.0,0.0,0.0,0.0,0
543,appleid-survey.com,17942166.0,42.0,42.0,1.0,2.0,1.0,0.5,0.0,0.0,0
544,hz1010.com,18464250.0,281.0,279.0,0.992882562278,1.0,0.0,0.0,0.0,0.0,0
545,payeer-w.fun,17670588.0,49.0,47.0,0.959183673469,1.0,0.0,0.0,0.0,0.0,0
546,andothertoandfro.tk,14952191.0,19.0,19.0,1.0,1.0,0.0,0.0,0.0,0.0,0
547,jobsinbd.com,17936395.0,53.0,53.0,1.0,2.0,1.0,0.5,0.0,0.0,0
548,kority.com,17336209.0,46.0,32.0,0.695652173913,9.0,2.0,0.222222222222,0.333333333333,0.273875269817,0
549,gamerz.net,16402275.0,144.0,142.0,0.986111111111,2.0,1.0,0.5,0.0,0.0,0
550,softgozar.com,18423225.0,744.0,744.0,1.0,5.0,2.0,0.4,0.0,0.122672266422,0
551,proxfilter.net,18444879.0,633.0,630.0,0.995260663507,3.0,1.0,0.333333333333,0.0,0.107706771874,0
552,jeuxgratuits.net,16467353.0,171.0,159.0,0.929824561404,4.0,1.0,0.25,0.5,0.190751575648,0
553,unicaeterna.com,18261820.0,97.0,97.0,1.0,1.0,0.0,0.0,0.0,0.0,0
554,btinternetnotificationsecured08645m.cf,17870570.0,50.0,50.0,1.0,1.0,0.0,0.0,0.0,0.0,0
555,jabry.com,18482370.0,4928.0,4886.0,0.991477272727,18.0,1.0,0.0555555555556,0.111111111111,0.271381717332,0
556,oliviaha.com,17748251.0,128.0,128.0,1.0,1.0,0.0,0.0,0.0,0.0,0
557,kuzdrav.ru,18365441.0,57.0,50.0,0.877192982456,3.0,0.0,0.0,0.0,0.217728358563,0
558,multilaser.com.br,18461423.0,220.0,138.0,0.627272727273,10.0,1.0,0.1,0.0,0.247042223522,0
559,prv.pl,18481551.0,1164.0,747.0,0.64175257732,299.0,1.0,0.00334448160535,0.19397993311,0.348252866191,0
560,otoy.com,18423244.0,477.0,442.0,0.926624737945,4.0,1.0,0.25,0.0,0.195006999694,0
561,scureddids-mylos.com,9983246.0,26.0,26.0,1.0,2.0,0.0,0.0,1.5,0.238375967722,0
562,acfstkittsnevis.org,16492331.0,583.0,580.0,0.994854202401,2.0,1.0,0.5,0.0,0.0,0
563,jikorenij.tk,18321255.0,38.0,38.0,1.0,1.0,0.0,0.0,0.0,0.0,0
564,77vbafa.cf,10145677.0,11.0,11.0,1.0,1.0,0.0,0.0,0.0,0.0,0
565,pirateprox.tel,18003047.0,17.0,14.0,0.823529411765,1.0,0.0,0.0,0.0,0.0,0
566,uyuhanatuhmanehtehjs.com,14166018.0,54.0,53.0,0.981481481481,2.0,0.0,0.0,0.0,0.221055418377,0
567,androeed.ru,18463826.0,3961.0,2073.0,0.523352688715,123.0,2.0,0.0162601626016,0.0,0.219075286038,0
568,ethica.com.tr,18254430.0,21.0,19.0,0.904761904762,2.0,1.0,0.5,0.0,0.125,0
569,restricted-user-paypai.com,12262180.0,41.0,41.0,1.0,1.0,0.0,0.0,0.0,0.0,0
570,apple-com.app,10282748.0,98.0,98.0,1.0,10.0,5.0,0.5,0.2,0.275328535637,0
571,blockchain-lk.com,12368820.0,14.0,14.0,1.0,1.0,0.0,0.0,0.0,0.0,0
572,oocities.org,18484401.0,18966.0,18686.0,0.985236739428,6.0,1.0,0.166666666667,0.166666666667,0.0600191482036,0
573,uu.ru,18327214.0,267.0,85.0,0.318352059925,19.0,0.0,0.0,0.263157894737,0.308751937804,0
574,h1n.ru,18430343.0,636.0,484.0,0.761006289308,58.0,0.0,0.0,0.120689655172,0.344948750483,0
575,cmsoft.cn,18439670.0,358.0,241.0,0.673184357542,2.0,1.0,0.5,0.0,0.0,0
576,paypal-incs.com,18267314.0,37.0,37.0,1.0,1.0,0.0,0.0,0.0,0.0,0
577,sembolkoltuk.com,18337609.0,105.0,102.0,0.971428571429,1.0,0.0,0.0,0.0,0.0,0
578,smartovik.ru,18478142.0,3793.0,3793.0,1.0,26.0,0.0,0.0,0.115384615385,0.375368441632,0
579,mayfieldagedcare.com.au,18283907.0,78.0,75.0,0.961538461538,2.0,1.0,0.5,0.0,0.0,0
580,inescoingenieros.com,18339601.0,122.0,121.0,0.991803278689,1.0,0.0,0.0,0.0,0.0,0
581,odomed.com.br,18270935.0,89.0,87.0,0.977528089888,1.0,0.0,0.0,0.0,0.0,0
582,apkfollow.com,31273476.0,528.0,200.0,0.378787878788,8.0,1.0,0.125,0.125,0.205210271721,0
583,tarifeler-turkcell.com,10572758.0,34.0,34.0,1.0,2.0,1.0,0.5,0.0,0.0,0
584,bankofamerica-signin.com,17908446.0,134.0,134.0,1.0,1.0,0.0,0.0,0.0,0.350919354755,0
585,btcbot.fun,10374604.0,17.0,14.0,0.823529411765,1.0,0.0,0.0,0.0,0.0,0
586,smbc-scards.com,12639688.0,88.0,86.0,0.977272727273,1.0,0.0,0.0,0.0,0.0,0
587,citymax.com,18427612.0,448.0,315.0,0.703125,83.0,2.0,0.0240963855422,0.566265060241,0.351341296974,0
588,jxeduyun.com,18470272.0,870.0,868.0,0.997701149425,3.0,0.0,0.0,1.0,0.276674981745,0
589,usaa-communication.com,15272407.0,59.0,59.0,1.0,1.0,0.0,0.0,0.0,0.0,0
590,xinorbis.com,18310440.0,200.0,91.0,0.455,2.0,1.0,0.5,0.0,0.0,0
591,unixbsd.info,18267783.0,77.0,77.0,1.0,5.0,1.0,0.2,0.0,0.235172266422,0
592,r12bon33.com,11017387.0,28.0,28.0,1.0,1.0,0.0,0.0,0.0,0.0,0
593,thecouponsapp.com,18343427.0,144.0,142.0,0.986111111111,4.0,1.0,0.25,0.0,0.145120508243,0
594,j.mp,18456024.0,1182.0,400.0,0.338409475465,4.0,2.0,0.5,0.0,0.0495300789056,0
595,sundarnepal.org.np,17789399.0,81.0,81.0,1.0,1.0,0.0,0.0,0.0,0.0,0
596,matrix-global.net,17919855.0,84.0,80.0,0.952380952381,3.0,1.0,0.333333333333,0.0,0.0931635944423,0
597,google-updata.tk,18283718.0,67.0,67.0,1.0,2.0,0.0,0.0,0.0,0.09375,0
598,dominiotemporario.com,18469971.0,2361.0,2097.0,0.888182973316,176.0,1.0,0.00568181818182,0.0625,0.358631463395,0
599,file-upload.com,18476244.0,5681.0,368.0,0.0647773279352,45.0,1.0,0.0222222222222,0.2,0.167792131682,0
600,tigerarmy.in.th,17629131.0,34.0,30.0,0.882352941176,1.0,0.0,0.0,0.0,0.0,0
601,blokgmb.com,14266567.0,26.0,22.0,0.846153846154,2.0,1.0,0.5,0.0,0.0,0
602,rinatart.ru,18267253.0,38.0,38.0,1.0,1.0,0.0,0.0,0.0,0.0,0
603,acteltechnologies.com,10717151.0,232.0,231.0,0.995689655172,57.0,0.0,0.0,1.0,0.502876792274,0
604,appleid-appnetfixverifyaccountsappleid.com,40241.0,3.0,3.0,1.0,1.0,1.0,1.0,0.0,0.0,0
605,address-verfication-apple-jpn.tk,12350625.0,38.0,38.0,1.0,1.0,0.0,0.0,0.0,0.0,0
606,apple-iphones.com,16230669.0,11.0,11.0,1.0,1.0,0.0,0.0,0.0,0.0,0
607,gxdlxy.com,18097523.0,30.0,30.0,1.0,4.0,1.0,0.25,0.0,0.109590331952,0
608,paypal-verifcation.com,5247153.0,13.0,13.0,1.0,1.0,0.0,0.0,0.0,0.0,0
609,twgogo.org,18318041.0,54.0,48.0,0.888888888889,5.0,0.0,0.0,0.0,0.232932696714,0
610,undiksha.ac.id,18328483.0,309.0,309.0,1.0,18.0,0.0,0.0,0.0555555555556,0.249660052611,0
611,iphonelost-maps.com,15547102.0,4927.0,4927.0,1.0,13.0,0.0,0.0,1.84615384615,0.38336750215,0
612,speedupseo.com,18301736.0,34.0,34.0,1.0,2.0,1.0,0.5,0.0,0.0,0
613,veritas.ro,18298171.0,42.0,42.0,1.0,1.0,0.0,0.0,0.0,0.0,0
614,airdrop-promotion.info,14771536.0,56.0,54.0,0.964285714286,2.0,0.0,0.0,0.0,0.140726824478,0
615,srbijadotokija.com,18309669.0,46.0,46.0,1.0,1.0,0.0,0.0,0.0,0.0,0
616,islandmassagee.net,16494780.0,71.0,71.0,1.0,1.0,0.0,0.0,0.0,0.0,0
617,fecewiha-wata.com,17456565.0,1095.0,1092.0,0.997260273973,2.0,1.0,0.5,0.0,0.0,0
618,mahbid.ir,10760363.0,45.0,44.0,0.977777777778,1.0,0.0,0.0,0.0,0.0,0
619,thetravellerschoice.com,17922710.0,74.0,70.0,0.945945945946,1.0,0.0,0.0,0.0,0.0,0
620,apple1-securities.win,7837550.0,20.0,20.0,1.0,1.0,0.0,0.0,0.0,0.0,0
621,user-verify.top,14656218.0,60.0,58.0,0.966666666667,1.0,0.0,0.0,0.0,0.0,0
622,apple-icloud-ch.com,7758933.0,17.0,17.0,1.0,1.0,0.0,0.0,0.0,0.0,0
623,mariakucherenko.com,18319460.0,39.0,39.0,1.0,1.0,0.0,0.0,0.0,0.0,0
624,blockchain-https.com,6621114.0,14.0,14.0,1.0,1.0,0.0,0.0,0.0,0.0,0
625,ur.ru,18065028.0,266.0,144.0,0.541353383459,78.0,0.0,0.0,0.487179487179,0.339118856791,0
626,nnhost.ru,18354838.0,62.0,60.0,0.967741935484,5.0,1.0,0.2,0.0,0.182761078262,0
627,55s63q22y5wt514nvpi.com,14776449.0,37.0,36.0,0.972972972973,3.0,0.0,0.0,0.0,0.215413543748,0
628,maintenance-bankofamerica-login.com,9063105.0,51.0,51.0,1.0,2.0,1.0,0.5,0.0,0.0,0
629,seemsczsz.co.kr,14395195.0,45.0,45.0,1.0,1.0,0.0,0.0,0.0,0.0,0
630,iccf-bg.com,13273943.0,39.0,36.0,0.923076923077,1.0,0.0,0.0,0.0,0.0,0
631,vetederac.com,18180178.0,4231.0,4220.0,0.99740014181,2.0,1.0,0.5,0.0,0.0,0
632,bircom.com,18251025.0,144.0,139.0,0.965277777778,4.0,2.0,0.5,0.0,0.158880938738,0
633,paypal-user-auth.com,12298030.0,41.0,41.0,1.0,2.0,1.0,0.5,0.0,0.175459677378,0
634,jafiles.net,18350763.0,299.0,299.0,1.0,2.0,1.0,0.5,0.0,0.0,0
635,heexclaimedand.tk,13028522.0,61.0,61.0,1.0,1.0,0.0,0.0,0.0,0.0,0
636,payment-supports-appleid.ml,18176873.0,601.0,601.0,1.0,1.0,0.0,0.0,0.0,0.0,0
637,cision.com,18412388.0,2215.0,1622.0,0.732279909707,23.0,2.0,0.0869565217391,0.478260869565,0.276931612372,0
638,netservicesindia.com,16460264.0,26.0,26.0,1.0,4.0,1.0,0.25,0.0,0.166717578906,0
639,marmi-pietre.com,17977605.0,51.0,50.0,0.980392156863,1.0,0.0,0.0,0.0,0.0,0
640,apple-activation-update.com,9090286.0,46.0,45.0,0.978260869565,1.0,0.0,0.0,0.0,0.0,0
641,ninjaforge.com,17675065.0,35.0,35.0,1.0,1.0,0.0,0.0,0.0,0.0,0
642,pasteur.sn,18281684.0,48.0,37.0,0.770833333333,3.0,1.0,0.333333333333,0.0,0.116973118252,0
643,alsedi.com,18430479.0,741.0,725.0,0.978407557355,4.0,3.0,0.75,0.0,0.132372695832,0
644,vivawebhost.com,18370887.0,149.0,97.0,0.651006711409,42.0,1.0,0.0238095238095,0.0,0.281685926997,0
645,cabincomposesecond.xyz,12435547.0,50.0,47.0,0.94,1.0,0.0,0.0,0.0,0.0,0
646,qajicytre.tk,18317046.0,61.0,61.0,1.0,1.0,0.0,0.0,0.0,0.0,0
647,butuhteubutuh.com,15284921.0,59.0,59.0,1.0,2.0,0.0,0.0,0.5,0.236438379046,0
648,limited-access-paypal.com,14597229.0,60.0,60.0,1.0,3.0,2.0,0.666666666667,0.0,0.191040105208,0
649,oie.int,18087273.0,296.0,124.0,0.418918918919,16.0,2.0,0.125,0.25,0.252417408717,0
650,bogor.net,18434320.0,173.0,169.0,0.976878612717,3.0,0.0,0.0,0.0,0.176496927776,0
651,uni5.net,18467199.0,731.0,501.0,0.6853625171,141.0,2.0,0.0141843971631,0.780141843972,0.424718028345,0
652,nsk.ru,18228572.0,200.0,42.0,0.21,53.0,1.0,0.0188679245283,0.207547169811,0.306144966441,0
653,offcn.com,18432201.0,626.0,260.0,0.415335463259,154.0,3.0,0.0194805194805,0.61038961039,0.259099619023,0
654,hostedfiles.net,18372538.0,718.0,717.0,0.99860724234,4.0,1.0,0.25,0.0,0.0286967437808,0
655,yeniprogram.gen.tr,18426882.0,630.0,619.0,0.98253968254,2.0,1.0,0.5,0.0,0.0,0
656,fouchfcouhy.com,11851748.0,39.0,39.0,1.0,2.0,1.0,0.5,0.0,0.0,0
657,zixmail.net,18468113.0,3615.0,2044.0,0.565421853389,7.0,0.0,0.0,0.142857142857,0.233718230505,0
658,thesidewalkgrill.com,18350824.0,147.0,146.0,0.993197278912,2.0,1.0,0.5,0.0,0.0,0
659,sunbrisbane.com,18082388.0,58.0,52.0,0.896551724138,2.0,1.0,0.5,0.0,0.0,0
660,twilightparadox.com,18454013.0,1512.0,1509.0,0.998015873016,71.0,2.0,0.0281690140845,0.112676056338,0.321634016476,0
661,kumasodnyun.icu,14986288.0,71.0,70.0,0.985915492958,2.0,1.0,0.5,0.0,0.0,0
662,tunisia-school.com,18330963.0,1009.0,992.0,0.983151635282,2.0,1.0,0.5,0.0,0.0,0
663,fr.am,18381393.0,1683.0,1435.0,0.852644087938,44.0,3.0,0.0681818181818,0.0227272727273,0.285022215864,0
664,northwestvending.co.uk,18360304.0,207.0,206.0,0.995169082126,2.0,1.0,0.5,0.0,0.0,0
665,qwijiuyfgaf.ml,12920967.0,40.0,40.0,1.0,1.0,0.0,0.0,0.0,0.0,0
666,rekord.ua,18462999.0,255.0,251.0,0.98431372549,1.0,0.0,0.0,0.0,0.0,0
667,niremidig-rer.com,17422860.0,3897.0,3870.0,0.993071593533,2.0,1.0,0.5,0.0,0.0,0
668,jennybristow.com,16773893.0,107.0,105.0,0.981308411215,2.0,1.0,0.5,0.0,0.0,0
669,exitedgirls.online,10030404.0,13.0,12.0,0.923076923077,1.0,0.0,0.0,0.0,0.0,0
670,pudjiadiprestige.co.id,18317566.0,48.0,34.0,0.708333333333,1.0,0.0,0.0,0.0,0.0,0
671,securaguvenlik.com,17619629.0,80.0,77.0,0.9625,1.0,0.0,0.0,0.0,0.0,0
672,lordly.ir,18419587.0,1464.0,1464.0,1.0,4.0,1.0,0.25,0.25,0.0872650394528,0
673,apple-account-manager.com,10283536.0,46.0,46.0,1.0,1.0,0.0,0.0,0.0,0.0,0
674,vietphuc.com.vn,18418107.0,81.0,81.0,1.0,1.0,0.0,0.0,0.0,0.0,0
675,apple-ajustes.com,15639422.0,9.0,9.0,1.0,1.0,0.0,0.0,0.0,0.0,0
676,hostseguro.com,18361602.0,63.0,61.0,0.968253968254,5.0,1.0,0.2,0.0,0.176920392671,0
677,kvbettiah.org,18317723.0,67.0,64.0,0.955223880597,1.0,0.0,0.0,0.0,0.0,0
678,novacambios.com,16748900.0,66.0,60.0,0.909090909091,2.0,1.0,0.5,0.0,0.0,0
679,developer-paypal.info,17723551.0,34.0,34.0,1.0,1.0,0.0,0.0,0.0,0.0,0
680,updategoogle.site,12756454.0,22.0,22.0,1.0,2.0,0.0,0.0,0.0,0.0,0
681,vippaints.com,18318028.0,47.0,43.0,0.914893617021,1.0,0.0,0.0,0.0,0.0,0
682,az.pl,18482159.0,575.0,465.0,0.808695652174,66.0,2.0,0.030303030303,0.5,0.378025821675,0
683,igoagjagjag.ml,13220232.0,23.0,23.0,1.0,1.0,0.0,0.0,0.0,0.0,0
684,news-web-1.site,10609101.0,56.0,56.0,1.0,3.0,0.0,0.0,0.0,0.247006963004,0
685,jollfakgpag.cf,15918778.0,42.0,42.0,1.0,1.0,0.0,0.0,0.0,0.0,0
686,get-office365.live,17837845.0,190.0,190.0,1.0,1.0,0.0,0.0,0.0,0.0,0
687,net-eco.fr,18392533.0,263.0,262.0,0.996197718631,2.0,1.0,0.5,0.0,0.0,0
688,tt001.com,18423237.0,509.0,505.0,0.992141453831,2.0,1.0,0.5,0.0,0.0,0
689,hopahgoiagana.cf,15833206.0,42.0,42.0,1.0,1.0,0.0,0.0,0.0,0.0,0
690,gatipromotion.xyz,15817833.0,31.0,31.0,1.0,1.0,0.0,0.0,0.0,0.0,0
691,sociedadedeeducadores.com.br,18304049.0,81.0,76.0,0.938271604938,1.0,0.0,0.0,0.0,0.0,0
692,ukdw.ac.id,18364675.0,162.0,133.0,0.820987654321,11.0,1.0,0.0909090909091,0.0,0.278536548201,0
693,hust.edu.vn,18404986.0,168.0,107.0,0.636904761905,27.0,1.0,0.037037037037,0.0740740740741,0.241477925418,0
694,moonraft.com,17894933.0,33.0,33.0,1.0,1.0,0.0,0.0,0.0,0.0,0
695,gontor.ac.id,17884548.0,129.0,93.0,0.720930232558,11.0,1.0,0.0909090909091,0.636363636364,0.284170519692,0
696,easywp.com,17542960.0,239.0,60.0,0.251046025105,98.0,0.0,0.0,0.244897959184,0.46571122081,0
697,paypalloginmy-account.com,18244175.0,831.0,831.0,1.0,6.0,5.0,0.833333333333,0.0,0.212493170856,0
698,secure-authorizedverification-bankofamerica.cf,17508496.0,80.0,80.0,1.0,7.0,6.0,0.857142857143,0.0,0.24317800106,0
699,applejpsafety.com,8342043.0,20.0,20.0,1.0,1.0,0.0,0.0,0.0,0.0,0
700,porno-onlain.com,18071098.0,49.0,39.0,0.795918367347,1.0,0.0,0.0,0.0,0.0,0
701,missing-kids5.com,14497081.0,21.0,21.0,1.0,1.0,0.0,0.0,0.0,0.0,0
702,rpi-informatique.com,16694933.0,124.0,122.0,0.983870967742,2.0,1.0,0.5,0.0,0.0,0
703,dax.ru,18438665.0,1600.0,1553.0,0.970625,85.0,0.0,0.0,0.164705882353,0.333328779292,0
704,appleiphonesupport.net,4263190.0,31.0,31.0,1.0,3.0,0.0,0.0,2.33333333333,0.319359659429,0
705,servicio-apple.site,8613073.0,25.0,25.0,1.0,3.0,0.0,0.0,0.0,0.187635765971,0
706,urcute.xyz,13621391.0,39.0,26.0,0.666666666667,2.0,1.0,0.5,0.0,0.0,0
707,plantsco.com,18270806.0,150.0,147.0,0.98,4.0,0.0,0.0,5.0,0.337621245365,0
708,gg.gg,18487116.0,14420.0,14414.0,0.999583911234,7.0,3.0,0.428571428571,0.142857142857,0.146462355503,0
709,xon.pl,18365067.0,138.0,125.0,0.905797101449,14.0,0.0,0.0,1.21428571429,0.354408858569,0
710,downyouxi.com,18478424.0,40858.0,40858.0,1.0,132.0,0.0,0.0,0.0757575757576,0.26191528762,0
711,appleid-account-information.cf,2963557.0,8.0,8.0,1.0,1.0,0.0,0.0,0.0,0.0,0
712,winlowprice.su,18433623.0,1778.0,1778.0,1.0,1.0,0.0,0.0,0.0,0.0,0
713,excelaires.com,14832501.0,125.0,121.0,0.968,1.0,0.0,0.0,0.0,0.0,0
714,geotermia.com.pl,11567597.0,22.0,18.0,0.818181818182,2.0,1.0,0.5,0.0,0.0,0
715,id541297.com,12616244.0,330.0,329.0,0.99696969697,3.0,0.0,0.0,0.0,0.198681979429,0
716,isb.edu,18092742.0,147.0,38.0,0.258503401361,10.0,1.0,0.1,0.0,0.238293245262,0
717,tiniagy.hu,16406096.0,28.0,27.0,0.964285714286,1.0,0.0,0.0,0.0,0.0,0
718,blockchainsignin.com,12531138.0,16.0,16.0,1.0,1.0,0.0,0.0,0.0,0.0,0
719,moscowfitness.ru,18427816.0,356.0,356.0,1.0,2.0,1.0,0.5,0.0,0.0,0
720,dogepay.info,18328796.0,667.0,667.0,1.0,10.0,1.0,0.1,1.0,0.267835454712,0
721,tydackmemphan.com,12451775.0,59.0,58.0,0.983050847458,2.0,0.0,0.0,2.0,0.232600727975,0
722,versatilpromo.com.br,18374200.0,568.0,550.0,0.968309859155,4.0,3.0,0.75,0.0,0.194551584261,0
723,nallyosnaheh.com,10715107.0,878.0,878.0,1.0,3.0,1.0,0.333333333333,0.666666666667,0.138645199443,0
724,cbe.com.vn,18464840.0,2254.0,2202.0,0.976929902396,15.0,11.0,0.733333333333,0.333333333333,0.237088275556,0
725,mdl3.org,12255773.0,259.0,259.0,1.0,2.0,1.0,0.5,0.0,0.0,0
726,apple.com.im,13929947.0,792.0,792.0,1.0,6.0,5.0,0.833333333333,0.0,0.212493170856,0
727,carnesviba.com,15615832.0,37.0,14.0,0.378378378378,2.0,1.0,0.5,0.0,0.0,0
728,apple-com.id,15902611.0,40.0,40.0,1.0,1.0,0.0,0.0,0.0,0.0,0
729,litthrey.com,14286072.0,1651.0,1649.0,0.998788612962,4.0,1.0,0.25,0.75,0.119149061495,0
730,pageranktop.com,17483396.0,281.0,281.0,1.0,7.0,2.0,0.285714285714,0.0,0.0997314736604,0
731,educo.co.za,18328023.0,40.0,36.0,0.9,1.0,0.0,0.0,0.0,0.0,0
732,sharm-club.com,18275638.0,40.0,38.0,0.95,2.0,1.0,0.5,0.0,0.0,0
733,openvswitch.org,16777571.0,52.0,23.0,0.442307692308,5.0,2.0,0.4,0.2,0.114791818687,0
734,mcu.ac.th,17966685.0,313.0,267.0,0.85303514377,21.0,1.0,0.047619047619,0.285714285714,0.238825413904,0
735,pbru.ac.th,18076418.0,158.0,130.0,0.822784810127,13.0,2.0,0.153846153846,0.0,0.224126853224,0
736,uinsgd.ac.id,18475139.0,354.0,278.0,0.785310734463,18.0,0.0,0.0,0.111111111111,0.24839272674,0
737,brighentti.com.br,10538289.0,31.0,25.0,0.806451612903,2.0,1.0,0.5,0.0,0.0,0
738,santoshghante.com,18318036.0,55.0,51.0,0.927272727273,1.0,0.0,0.0,0.0,0.0,0
739,stylenb.com,18365774.0,48.0,46.0,0.958333333333,2.0,1.0,0.5,0.0,0.0,0
740,perzim.gov.my,18287460.0,41.0,39.0,0.951219512195,2.0,1.0,0.5,0.0,0.0,0
741,s4719.com,14967829.0,37.0,34.0,0.918918918919,2.0,0.0,0.0,0.0,0.221055418377,0
742,dnmu.ru,13353067.0,40.0,22.0,0.55,3.0,0.0,0.0,0.0,0.166666666667,0
743,deer.is,17284562.0,213.0,139.0,0.652582159624,36.0,0.0,0.0,0.0,0.325161790804,0
744,stv.ru,17733289.0,65.0,28.0,0.430769230769,21.0,0.0,0.0,0.047619047619,0.368613740665,0
745,nursing.org,16927298.0,150.0,113.0,0.753333333333,2.0,1.0,0.5,0.0,0.0,0
746,sigin-verifyupdateunlocked-accountappleid.com,2087.0,2.0,2.0,1.0,1.0,0.0,0.0,0.0,0.0,0
747,livingstonefellowship.co.za,18338348.0,125.0,124.0,0.992,2.0,1.0,0.5,0.0,0.0,0
748,silmer.com.br,18282537.0,53.0,50.0,0.943396226415,1.0,0.0,0.0,0.0,0.0,0
749,bayimg.com,18469532.0,3132.0,3121.0,0.996487867178,3.0,0.0,0.0,0.0,0.20445377737,0
750,yearroundrentalhomes.com,18477714.0,243.0,242.0,0.995884773663,1.0,0.0,0.0,0.0,0.0,0
751,inposdom.gob.do,18438027.0,358.0,358.0,1.0,3.0,2.0,0.666666666667,0.0,0.0660401052075,0
752,galak-all.ml,10659908.0,10.0,10.0,1.0,1.0,0.0,0.0,0.0,0.0,0
753,sdbeta.com,18458109.0,2586.0,2585.0,0.999613302398,19.0,2.0,0.105263157895,0.421052631579,0.193668562695,0
754,lberne.ga,10570795.0,14.0,13.0,0.928571428571,1.0,0.0,0.0,0.0,0.0,0
755,appleid-accountlocked-apple.com,7294873.0,7.0,7.0,1.0,1.0,0.0,0.0,0.0,0.0,0
756,brudnyromans.eu,14461523.0,19.0,16.0,0.842105263158,2.0,1.0,0.5,0.0,0.0,0
757,koorare.xyz,12579242.0,58.0,16.0,0.275862068966,1.0,0.0,0.0,0.0,0.0,0
758,rsvpu.ru,18322780.0,93.0,49.0,0.52688172043,7.0,1.0,0.142857142857,0.0,0.196428571429,0
759,yu-nagi.com,18432796.0,225.0,146.0,0.648888888889,31.0,0.0,0.0,0.0322580645161,0.29246871819,0
760,maternidadlafloresta.com,18200570.0,54.0,27.0,0.5,2.0,0.0,0.0,0.0,0.0951205039436,0
761,apple5.ru,18261690.0,38.0,38.0,1.0,1.0,0.0,0.0,0.0,0.0,0
762,benningtonvt.net,17957990.0,107.0,106.0,0.990654205607,1.0,0.0,0.0,0.0,0.0,0
763,laureysnv.be,16477370.0,21.0,17.0,0.809523809524,1.0,0.0,0.0,0.0,0.0,0
764,bankofamerica-com-login-in-account-email.com,17592418.0,30.0,30.0,1.0,1.0,0.0,0.0,0.0,0.0,0
765,menglarsk.com,11658462.0,82.0,82.0,1.0,2.0,0.0,0.0,1.0,0.203091257106,0
766,recovery-appleid.com,18077678.0,827.0,827.0,1.0,1.0,0.0,0.0,0.0,0.0,0
767,bankofamerica-com.com,18067061.0,23.0,23.0,1.0,1.0,0.0,0.0,0.0,0.0,0
768,orenrsute.ru,17931541.0,48.0,28.0,0.583333333333,1.0,0.0,0.0,0.0,0.0,0
769,my-free-movies.com,15325871.0,228.0,217.0,0.951754385965,1.0,0.0,0.0,0.0,0.0,0
770,nishatpower.com,18338110.0,105.0,105.0,1.0,1.0,0.0,0.0,0.0,0.0,0
771,lwzaar.com,10235637.0,17.0,15.0,0.882352941176,2.0,1.0,0.5,0.0,0.0,0
772,mktfan.com,18333740.0,613.0,613.0,1.0,4.0,2.0,0.5,0.0,0.153810254122,0
773,unizg.hr,18153474.0,395.0,70.0,0.177215189873,64.0,2.0,0.03125,0.90625,0.304373224297,0
774,siterubix.com,18381601.0,1152.0,783.0,0.6796875,245.0,0.0,0.0,0.428571428571,0.39730831144,0
775,locate-apple.us,18193126.0,74.0,74.0,1.0,2.0,1.0,0.5,0.0,0.0573934875616,0
776,seashellgroup.in,18367325.0,73.0,72.0,0.986301369863,2.0,1.0,0.5,0.0,0.0,0
777,bravepages.com,18478505.0,1765.0,1580.0,0.895184135977,57.0,0.0,0.0,0.122807017544,0.344875957889,0
778,whatsapp-de.com,11721602.0,190.0,190.0,1.0,2.0,1.0,0.5,0.0,0.0573934875616,0
779,apple-appleid.us,8463179.0,19.0,19.0,1.0,1.0,0.0,0.0,0.0,0.0,0
780,address-verfication-apple-jp.cf,6664473.0,27.0,27.0,1.0,1.0,0.0,0.0,0.0,0.0,0
781,margin-binance.net,16382675.0,23.0,23.0,1.0,1.0,0.0,0.0,0.0,0.0,0
782,am-team.ru,18419592.0,475.0,472.0,0.993684210526,2.0,1.0,0.5,0.0,0.0,0
783,manasel.icu,17561006.0,94.0,94.0,1.0,2.0,1.0,0.5,0.0,0.0,0
784,ethcrypto.live,18168116.0,270.0,270.0,1.0,1.0,0.0,0.0,0.0,0.0,0
785,lam.cz,18042568.0,117.0,115.0,0.982905982906,21.0,6.0,0.285714285714,0.0,0.269985198016,0
786,kurukaequestrian.com,17619318.0,32.0,32.0,1.0,1.0,0.0,0.0,0.0,0.0,0
787,bnpbe.com,18031671.0,41.0,41.0,1.0,2.0,1.0,0.5,0.0,0.0,0
788,supportemail-apple-appleid.com,12651660.0,17.0,17.0,1.0,1.0,0.0,0.0,0.0,0.0,0
789,xkikvjizjviojvba.ml,12326982.0,40.0,40.0,1.0,1.0,0.0,0.0,0.0,0.0,0
790,tzuchi-org.tw,18317665.0,45.0,37.0,0.822222222222,3.0,1.0,0.333333333333,0.0,0.0967470054954,0
791,sapotoforincorp.com,14040700.0,40.0,40.0,1.0,4.0,2.0,0.5,0.25,0.18396514661,0
792,coinjar.com,18247828.0,164.0,113.0,0.689024390244,9.0,4.0,0.444444444444,0.111111111111,0.218873241855,0
793,smarttrain.edu.vn,17908949.0,63.0,63.0,1.0,1.0,0.0,0.0,0.0,0.0,0
794,postkarten-archiv.de,15120039.0,92.0,85.0,0.923913043478,2.0,1.0,0.5,0.0,0.0,0
795,apple.com.lv,18000219.0,298.0,104.0,0.348993288591,7.0,4.0,0.571428571429,0.142857142857,0.242725753257,0
796,mausa.es,18317663.0,46.0,43.0,0.934782608696,2.0,1.0,0.5,0.0,0.0,0
797,heriffttsirrni.com,14673423.0,115.0,113.0,0.982608695652,2.0,1.0,0.5,0.0,0.0,0
798,zorbykanlg.com,12133645.0,31.0,31.0,1.0,1.0,0.0,0.0,0.0,0.0,0
799,cpanelplatform.com,18455256.0,305.0,294.0,0.96393442623,7.0,0.0,0.0,0.0,0.370653396485,0
800,superweb.ws,18430491.0,1382.0,1310.0,0.947901591896,37.0,2.0,0.0540540540541,0.0540540540541,0.29735749002,0
801,googlesetting.com,18248021.0,500.0,500.0,1.0,5.0,0.0,0.0,0.0,0.250816633818,0
802,pdanortedesantander.com,10194566.0,10.0,5.0,0.5,2.0,1.0,0.5,0.0,0.0,0
803,paypiei.com,10388881.0,29.0,29.0,1.0,1.0,0.0,0.0,0.0,0.0,0
804,mkt2944.com,17166772.0,879.0,835.0,0.949943117179,5.0,0.0,0.0,0.4,0.269990948421,0
805,commerce-microsoft.com,18343005.0,58.0,58.0,1.0,2.0,1.0,0.5,0.0,0.0,0
806,polokg.com,12612355.0,20.0,18.0,0.9,2.0,1.0,0.5,0.0,0.0,0
807,captain-droid.com,18463511.0,1494.0,930.0,0.622489959839,3.0,0.0,0.0,0.0,0.132080210415,0
808,secureonlineomgeving.info,16564490.0,47.0,47.0,1.0,2.0,1.0,0.5,0.0,0.0,0
809,beageagae.com,12345345.0,18.0,16.0,0.888888888889,3.0,0.0,0.0,0.333333333333,0.310318083371,0
810,verdone.ca,18459331.0,379.0,377.0,0.994722955145,2.0,0.0,0.0,0.0,0.125,0
811,iyottube.com,18080488.0,235.0,235.0,1.0,3.0,1.0,0.333333333333,0.0,0.0382623250411,0
812,rozup.ir,18477360.0,3801.0,3801.0,1.0,12.0,1.0,0.0833333333333,0.0,0.265357761805,0
813,7u.cz,18468318.0,1533.0,1476.0,0.962818003914,39.0,0.0,0.0,0.153846153846,0.35609895478,0
814,protocolo.com,18448557.0,282.0,274.0,0.971631205674,2.0,1.0,0.5,0.0,0.0,0
815,al.ru,18461042.0,855.0,816.0,0.954385964912,33.0,0.0,0.0,0.212121212121,0.295022633701,0
816,poltekindonusa.ac.id,18364200.0,313.0,311.0,0.993610223642,4.0,1.0,0.25,0.75,0.186283646563,0
817,samcopavinginc.net,18317664.0,34.0,31.0,0.911764705882,1.0,0.0,0.0,0.0,0.0,0
818,wapka-files.com,18409510.0,894.0,893.0,0.998881431767,12.0,0.0,0.0,0.0,0.174665843682,0
819,leadzuaf.com,18482088.0,12414.0,8081.0,0.650958595135,7.0,0.0,0.0,0.0,0.161767571959,0
